Ticker,Name,Series Type,Currency,Country,Sector,Industry,Sic,Exchange,Cik,Fiscal_End,Units,Scale,Flow,Adjustment,Periodicity,Metadata,Corporate_History
TRUSG10M,GFD Indices USA 10-year Government Bond Total Return Index,GFD Indices - Total Returns,United States Dollar,United States,,,,,,,Index Number ,Units,Stock,none,Monthly From Jul 1786 To Oct 2022<BR>,"Sources: Sydney Homer, A History of Interest Rates, Princeton: Rutgers, 1963 from Joseph G. Martin, Martin's Boston Stock Market, Boston: 1886 (1800-1862), Hunt's Merchants Magazine (1843-1853), The Economist (1854-1861), The Financial Review (1862-1918), Federal Reserve Bank, National Monetary Statistics, New York: FRB, 1941, 1970 (annually thereafter); and Salomon Brothers, Analytical Record of Yields and Yield Spreads, New York: Saloman Brothers, 1995<br />Notes: Current yields on the 6s of 1790 are used from 1800 through 1822, on the 6s of 1814-1827 are used from 1823 until 1829, and the 5s of 1821-1835 are used from 1830 to 1834. The Federal government completely paid off its debt in the 1830s, so the Boston City 5s are used from 1835 through 1841. The 6s of 1842-1863 are used from 1841 through 1845, and the 6s of 1848-1868 from 1846 to 1862. Data are taken from Hunt's Merchant's Magazine and are periodic with the previous month's quotation used where none is available for 1843, 1844 and 1846 through June 1848. Data are monthly from July 1848 through 1853 using NYSE quotations. Data for 1854 through 1857 are taken from The Economist with NYSE quotations used for 1854 and 1855, and London quotations for 1856 and 1857. The United States yield data are monthly from February 1862 until December 1933, and weekly thereafter. The annual data are taken from Joseph G. Martin, Martin's Boston Stock Market, Boston: 1886. From February 1862 until December 1877, the 6% U.S. Government bonds of 1881 are used. From January 1878 until January 1895, the 4% U.S. Government Bonds of 1907 are used, and from February 1895 until September 1917, the 4% U.S. Government Bonds of 1925 are used. Where no trades were recorded during a given month, the previous month's yield was used. The source for this data is William B. Dana Co., The Financial Review, New York: William B. Dana Co. (1872-1921) which reprinted data published by The Commercial and Financial Chronicle. The 4% Liberty Bonds are used from October 1917 through December 1918, and beginning in 1919, the Federal Reserve Board's 10-15 year Treasury Bond index is used. 10 year bonds are used beginning in 1941.",
Date,Ticker,Open,High,Low,Close
01/31/1920,TRUSG10M,70.0685694,70.0685694,70.0685694,70.0685694
02/29/1920,TRUSG10M,69.7082579,69.7082579,69.7082579,69.7082579
03/31/1920,TRUSG10M,69.7862681,69.7862681,69.7862681,69.7862681
04/30/1920,TRUSG10M,69.0660442,69.0660442,69.0660442,69.0660442
05/31/1920,TRUSG10M,67.7947813,67.7947813,67.7947813,67.7947813
06/30/1920,TRUSG10M,68.3184702,68.3184702,68.3184702,68.3184702
07/31/1920,TRUSG10M,68.4767464,68.4767464,68.4767464,68.4767464
08/31/1920,TRUSG10M,68.2715841,68.2715841,68.2715841,68.2715841
09/30/1920,TRUSG10M,69.8636091,69.8636091,69.8636091,69.8636091
10/31/1920,TRUSG10M,72.0914336,72.0914336,72.0914336,72.0914336
11/30/1920,TRUSG10M,71.6762053,71.6762053,71.6762053,71.6762053
12/31/1920,TRUSG10M,70.9456278,70.9456278,70.9456278,70.9456278
01/31/1921,TRUSG10M,72.2003109,72.2003109,72.2003109,72.2003109
02/28/1921,TRUSG10M,72.2371062,72.2371062,72.2371062,72.2371062
03/31/1921,TRUSG10M,72.6106651,72.6106651,72.6106651,72.6106651
04/30/1921,TRUSG10M,73.0977425,73.0977425,73.0977425,73.0977425
05/31/1921,TRUSG10M,73.3605733,73.3605733,73.3605733,73.3605733
06/30/1921,TRUSG10M,73.568466,73.568466,73.568466,73.568466
07/31/1921,TRUSG10M,73.9483057,73.9483057,73.9483057,73.9483057
08/31/1921,TRUSG10M,74.5009815,74.5009815,74.5009815,74.5009815
09/30/1921,TRUSG10M,75.4026607,75.4026607,75.4026607,75.4026607
10/31/1921,TRUSG10M,77.437649,77.437649,77.437649,77.437649
11/30/1921,TRUSG10M,78.9020099,78.9020099,78.9020099,78.9020099
12/31/1921,TRUSG10M,80.2601051,80.2601051,80.2601051,80.2601051
01/31/1922,TRUSG10M,80.6845353,80.6845353,80.6845353,80.6845353
02/28/1922,TRUSG10M,80.6644068,80.6644068,80.6644068,80.6644068
03/31/1922,TRUSG10M,81.5449511,81.5449511,81.5449511,81.5449511
04/30/1922,TRUSG10M,82.6914579,82.6914579,82.6914579,82.6914579
05/31/1922,TRUSG10M,83.1180703,83.1180703,83.1180703,83.1180703
06/30/1922,TRUSG10M,83.5455378,83.5455378,83.5455378,83.5455378
07/31/1922,TRUSG10M,84.5088638,84.5088638,84.5088638,84.5088638
08/31/1922,TRUSG10M,84.9352732,84.9352732,84.9352732,84.9352732
09/30/1922,TRUSG10M,84.7543989,84.7543989,84.7543989,84.7543989
10/31/1922,TRUSG10M,84.3116069,84.3116069,84.3116069,84.3116069
11/30/1922,TRUSG10M,84.4128715,84.4128715,84.4128715,84.4128715
12/31/1922,TRUSG10M,84.7845897,84.7845897,84.7845897,84.7845897
01/31/1923,TRUSG10M,85.0898143,85.0898143,85.0898143,85.0898143
02/28/1923,TRUSG10M,85.3285249,85.3285249,85.3285249,85.3285249
03/31/1923,TRUSG10M,85.2981,85.2981,85.2981,85.2981
04/30/1923,TRUSG10M,85.5417205,85.5417205,85.5417205,85.5417205
05/31/1923,TRUSG10M,85.9906558,85.9906558,85.9906558,85.9906558
06/30/1923,TRUSG10M,86.509027,86.509027,86.509027,86.509027
07/31/1923,TRUSG10M,86.8219013,86.8219013,86.8219013,86.8219013
08/31/1923,TRUSG10M,87.0669388,87.0669388,87.0669388,87.0669388
09/30/1923,TRUSG10M,87.3134036,87.3134036,87.3134036,87.3134036
10/31/1923,TRUSG10M,87.353684,87.353684,87.353684,87.353684
11/30/1923,TRUSG10M,87.8823623,87.8823623,87.8823623,87.8823623
12/31/1923,TRUSG10M,88.3421586,88.3421586,88.3421586,88.3421586
01/31/1924,TRUSG10M,89.0142199,89.0142199,89.0142199,89.0142199
02/29/1924,TRUSG10M,89.4772665,89.4772665,89.4772665,89.4772665
03/31/1924,TRUSG10M,89.7964021,89.7964021,89.7964021,89.7964021
04/30/1924,TRUSG10M,90.4806638,90.4806638,90.4806638,90.4806638
05/31/1924,TRUSG10M,91.3876872,91.3876872,91.3876872,91.3876872
06/30/1924,TRUSG10M,92.972832,92.972832,92.972832,92.972832
07/31/1924,TRUSG10M,93.5838187,93.5838187,93.5838187,93.5838187
08/31/1924,TRUSG10M,94.1195661,94.1195661,94.1195661,94.1195661
09/30/1924,TRUSG10M,94.3497574,94.3497574,94.3497574,94.3497574
10/31/1924,TRUSG10M,95.0423606,95.0423606,95.0423606,95.0423606
11/30/1924,TRUSG10M,95.1172702,95.1172702,95.1172702,95.1172702
12/31/1924,TRUSG10M,94.9636921,94.9636921,94.9636921,94.9636921
01/31/1925,TRUSG10M,95.2770723,95.2770723,95.2770723,95.2770723
02/28/1925,TRUSG10M,95.6689287,95.6689287,95.6689287,95.6689287
03/31/1925,TRUSG10M,95.9061419,95.9061419,95.9061419,95.9061419
04/30/1925,TRUSG10M,96.4567168,96.4567168,96.4567168,96.4567168
05/31/1925,TRUSG10M,97.2443463,97.2443463,97.2443463,97.2443463
06/30/1925,TRUSG10M,98.1932179,98.1932179,98.1932179,98.1932179
07/31/1925,TRUSG10M,98.5033448,98.5033448,98.5033448,98.5033448
08/31/1925,TRUSG10M,98.3345333,98.3345333,98.3345333,98.3345333
09/30/1925,TRUSG10M,98.6500233,98.6500233,98.6500233,98.6500233
10/31/1925,TRUSG10M,99.207679,99.207679,99.207679,99.207679
11/30/1925,TRUSG10M,99.7661087,99.7661087,99.7661087,99.7661087
12/31/1925,TRUSG10M,99.9999972,99.9999972,99.9999972,99.9999972
01/31/1926,TRUSG10M,100.5612573,100.5612573,100.5612573,100.5612573
02/28/1926,TRUSG10M,101.374319,101.374319,101.374319,101.374319
03/31/1926,TRUSG10M,101.6877346,101.6877346,101.6877346,101.6877346
04/30/1926,TRUSG10M,102.085769,102.085769,102.085769,102.085769
05/31/1926,TRUSG10M,102.6527426,102.6527426,102.6527426,102.6527426
06/30/1926,TRUSG10M,102.9666889,102.9666889,102.9666889,102.9666889
07/31/1926,TRUSG10M,103.1969291,103.1969291,103.1969291,103.1969291
08/31/1926,TRUSG10M,103.3437932,103.3437932,103.3437932,103.3437932
09/30/1926,TRUSG10M,103.6624366,103.6624366,103.6624366,103.6624366
10/31/1926,TRUSG10M,104.1527164,104.1527164,104.1527164,104.1527164
11/30/1926,TRUSG10M,104.9876342,104.9876342,104.9876342,104.9876342
12/31/1926,TRUSG10M,105.8244182,105.8244182,105.8244182,105.8244182
01/31/1927,TRUSG10M,106.5753398,106.5753398,106.5753398,106.5753398
02/28/1927,TRUSG10M,107.1533578,107.1533578,107.1533578,107.1533578
03/31/1927,TRUSG10M,108.4499798,108.4499798,108.4499798,108.4499798
04/30/1927,TRUSG10M,108.9354324,108.9354324,108.9354324,108.9354324
05/31/1927,TRUSG10M,109.6033882,109.6033882,109.6033882,109.6033882
06/30/1927,TRUSG10M,109.6319423,109.6319423,109.6319423,109.6319423
07/31/1927,TRUSG10M,109.7545072,109.7545072,109.7545072,109.7545072
08/31/1927,TRUSG10M,110.4283522,110.4283522,110.4283522,110.4283522
09/30/1927,TRUSG10M,110.9181792,110.9181792,110.9181792,110.9181792
10/31/1927,TRUSG10M,111.3157464,111.3157464,111.3157464,111.3157464
11/30/1927,TRUSG10M,112.1796068,112.1796068,112.1796068,112.1796068
12/31/1927,TRUSG10M,113.0450011,113.0450011,113.0450011,113.0450011
01/31/1928,TRUSG10M,113.2492442,113.2492442,113.2492442,113.2492442
02/29/1928,TRUSG10M,113.4548124,113.4548124,113.4548124,113.4548124
03/31/1928,TRUSG10M,113.9460925,113.9460925,113.9460925,113.9460925
04/30/1928,TRUSG10M,113.9619677,113.9619677,113.9619677,113.9619677
05/31/1928,TRUSG10M,113.8859685,113.8859685,113.8859685,113.8859685
06/30/1928,TRUSG10M,113.7193804,113.7193804,113.7193804,113.7193804
07/31/1928,TRUSG10M,112.8059059,112.8059059,112.8059059,112.8059059
08/31/1928,TRUSG10M,112.5654887,112.5654887,112.5654887,112.5654887
09/30/1928,TRUSG10M,113.0794127,113.0794127,113.0794127,113.0794127
10/31/1928,TRUSG10M,113.3114005,113.3114005,113.3114005,113.3114005
11/30/1928,TRUSG10M,114.4913266,114.4913266,114.4913266,114.4913266
12/31/1928,TRUSG10M,114.1484253,114.1484253,114.1484253,114.1484253
01/31/1929,TRUSG10M,113.8138135,113.8138135,113.8138135,113.8138135
02/28/1929,TRUSG10M,113.2058297,113.2058297,113.2058297,113.2058297
03/31/1929,TRUSG10M,112.4257171,112.4257171,112.4257171,112.4257171
04/30/1929,TRUSG10M,113.7127965,113.7127965,113.7127965,113.7127965
05/31/1929,TRUSG10M,114.0577253,114.0577253,114.0577253,114.0577253
06/30/1929,TRUSG10M,113.9313728,113.9313728,113.9313728,113.9313728
07/31/1929,TRUSG10M,114.7554918,114.7554918,114.7554918,114.7554918
08/31/1929,TRUSG10M,114.4389219,114.4389219,114.4389219,114.4389219
09/30/1929,TRUSG10M,114.887698,114.887698,114.887698,114.887698
10/31/1929,TRUSG10M,116.103451,116.103451,116.103451,116.103451
11/30/1929,TRUSG10M,118.9917447,118.9917447,118.9917447,118.9917447
12/31/1929,TRUSG10M,119.2248125,119.2248125,119.2248125,119.2248125
01/31/1930,TRUSG10M,118.8655673,118.8655673,118.8655673,118.8655673
02/28/1930,TRUSG10M,119.4034311,119.4034311,119.4034311,119.4034311
03/31/1930,TRUSG10M,120.942874,120.942874,120.942874,120.942874
04/30/1930,TRUSG10M,120.4706189,120.4706189,120.4706189,120.4706189
05/31/1930,TRUSG10M,121.4129272,121.4129272,121.4129272,121.4129272
06/30/1930,TRUSG10M,122.3570113,122.3570113,122.3570113,122.3570113
07/31/1930,TRUSG10M,122.6883948,122.6883948,122.6883948,122.6883948
08/31/1930,TRUSG10M,122.9183464,122.9183464,122.9183464,122.9183464
09/30/1930,TRUSG10M,123.4575892,123.4575892,123.4575892,123.4575892
10/31/1930,TRUSG10M,124.1004782,124.1004782,124.1004782,124.1004782
11/30/1930,TRUSG10M,124.6398707,124.6398707,124.6398707,124.6398707
12/31/1930,TRUSG10M,124.6593937,124.6593937,124.6593937,124.6593937
01/31/1931,TRUSG10M,125.2022272,125.2022272,125.2022272,125.2022272
02/28/1931,TRUSG10M,124.4957096,124.4957096,124.4957096,124.4957096
03/31/1931,TRUSG10M,125.1499862,125.1499862,125.1499862,125.1499862
04/30/1931,TRUSG10M,125.5954768,125.5954768,125.5954768,125.5954768
05/31/1931,TRUSG10M,126.989693,126.989693,126.989693,126.989693
06/30/1931,TRUSG10M,127.6428392,127.6428392,127.6428392,127.6428392
07/31/1931,TRUSG10M,127.7626233,127.7626233,127.7626233,127.7626233
08/31/1931,TRUSG10M,127.7782115,127.7782115,127.7782115,127.7782115
09/30/1931,TRUSG10M,127.3722935,127.3722935,127.3722935,127.3722935
10/31/1931,TRUSG10M,123.7518013,123.7518013,123.7518013,123.7518013
11/30/1931,TRUSG10M,124.1261505,124.1261505,124.1261505,124.1261505
12/31/1931,TRUSG10M,121.4540336,121.4540336,121.4540336,121.4540336
01/31/1932,TRUSG10M,118.5891483,118.5891483,118.5891483,118.5891483
02/29/1932,TRUSG10M,120.4855204,120.4855204,120.4855204,120.4855204
03/31/1932,TRUSG10M,122.8043938,122.8043938,122.8043938,122.8043938
04/30/1932,TRUSG10M,125.6719512,125.6719512,125.6719512,125.6719512
05/31/1932,TRUSG10M,125.2263091,125.2263091,125.2263091,125.2263091
06/30/1932,TRUSG10M,125.6186848,125.6186848,125.6186848,125.6186848
07/31/1932,TRUSG10M,127.9029967,127.9029967,127.9029967,127.9029967
08/31/1932,TRUSG10M,129.6748463,129.6748463,129.6748463,129.6748463
09/30/1932,TRUSG10M,130.3719165,130.3719165,130.3719165,130.3719165
10/31/1932,TRUSG10M,130.6349783,130.6349783,130.6349783,130.6349783
11/30/1932,TRUSG10M,130.7910763,130.7910763,130.7910763,130.7910763
12/31/1932,TRUSG10M,132.260962,132.260962,132.260962,132.260962
01/31/1933,TRUSG10M,134.072172,134.072172,134.072172,134.072172
02/28/1933,TRUSG10M,133.4290187,133.4290187,133.4290187,133.4290187
03/31/1933,TRUSG10M,132.5797554,132.5797554,132.5797554,132.5797554
04/30/1933,TRUSG10M,132.9576077,132.9576077,132.9576077,132.9576077
05/31/1933,TRUSG10M,134.6727349,134.6727349,134.6727349,134.6727349
06/30/1933,TRUSG10M,136.0582712,136.0582712,136.0582712,136.0582712
07/31/1933,TRUSG10M,136.535877,136.535877,136.535877,136.535877
08/31/1933,TRUSG10M,136.7860197,136.7860197,136.7860197,136.7860197
09/30/1933,TRUSG10M,137.3805488,137.3805488,137.3805488,137.3805488
10/31/1933,TRUSG10M,137.4020675,137.4020675,137.4020675,137.4020675
11/30/1933,TRUSG10M,135.049709,135.049709,135.049709,135.049709
12/31/1933,TRUSG10M,134.6550553,134.6550553,134.6550553,134.6550553
01/31/1934,TRUSG10M,135.6123024,135.6123024,135.6123024,135.6123024
02/28/1934,TRUSG10M,138.2840959,138.2840959,138.2840959,138.2840959
03/31/1934,TRUSG10M,140.1710982,140.1710982,140.1710982,140.1710982
04/30/1934,TRUSG10M,141.2438147,141.2438147,141.2438147,141.2438147
05/31/1934,TRUSG10M,142.4370851,142.4370851,142.4370851,142.4370851
06/30/1934,TRUSG10M,143.3930646,143.3930646,143.3930646,143.3930646
07/31/1934,TRUSG10M,144.1087574,144.1087574,144.1087574,144.1087574
08/31/1934,TRUSG10M,143.1408084,143.1408084,143.1408084,143.1408084
09/30/1934,TRUSG10M,141.3677644,141.3677644,141.3677644,141.3677644
10/31/1934,TRUSG10M,143.8908912,143.8908912,143.8908912,143.8908912
11/30/1934,TRUSG10M,144.2566139,144.2566139,144.2566139,144.2566139
12/31/1934,TRUSG10M,145.3495131,145.3495131,145.3495131,145.3495131
01/31/1935,TRUSG10M,147.6740527,147.6740527,147.6740527,147.6740527
02/28/1935,TRUSG10M,148.7812131,148.7812131,148.7812131,148.7812131
03/31/1935,TRUSG10M,149.1246498,149.1246498,149.1246498,149.1246498
04/30/1935,TRUSG10M,149.9796449,149.9796449,149.9796449,149.9796449
05/31/1935,TRUSG10M,150.4491445,150.4491445,150.4491445,150.4491445
06/30/1935,TRUSG10M,150.9188754,150.9188754,150.9188754,150.9188754
07/31/1935,TRUSG10M,151.5180875,151.5180875,151.5180875,151.5180875
08/31/1935,TRUSG10M,149.927815,149.927815,149.927815,149.927815
09/30/1935,TRUSG10M,149.8991464,149.8991464,149.8991464,149.8991464
10/31/1935,TRUSG10M,150.7704597,150.7704597,150.7704597,150.7704597
11/30/1935,TRUSG10M,150.9973343,150.9973343,150.9973343,150.9973343
12/31/1935,TRUSG10M,151.6128151,151.6128151,151.6128151,151.6128151
01/31/1936,TRUSG10M,152.2283397,152.2283397,152.2283397,152.2283397
02/29/1936,TRUSG10M,153.3661203,153.3661203,153.3661203,153.3661203
03/31/1936,TRUSG10M,154.3734803,154.3734803,154.3734803,154.3734803
04/30/1936,TRUSG10M,154.9838988,154.9838988,154.9838988,154.9838988
05/31/1936,TRUSG10M,155.594211,155.594211,155.594211,155.594211
06/30/1936,TRUSG10M,155.6717556,155.6717556,155.6717556,155.6717556
07/31/1936,TRUSG10M,156.1513855,156.1513855,156.1513855,156.1513855
08/31/1936,TRUSG10M,157.4360888,157.4360888,157.4360888,157.4360888
09/30/1936,TRUSG10M,157.3719856,157.3719856,157.3719856,157.3719856
10/31/1936,TRUSG10M,157.5809175,157.5809175,157.5809175,157.5809175
11/30/1936,TRUSG10M,159.5545629,159.5545629,159.5545629,159.5545629
12/31/1936,TRUSG10M,159.7515886,159.7515886,159.7515886,159.7515886
01/31/1937,TRUSG10M,160.773399,160.773399,160.773399,160.773399
02/28/1937,TRUSG10M,161.2448697,161.2448697,161.2448697,161.2448697
03/31/1937,TRUSG10M,157.9586222,157.9586222,157.9586222,157.9586222
04/30/1937,TRUSG10M,157.3565055,157.3565055,157.3565055,157.3565055
05/31/1937,TRUSG10M,158.2714812,158.2714812,158.2714812,158.2714812
06/30/1937,TRUSG10M,158.3587249,158.3587249,158.3587249,158.3587249
07/31/1937,TRUSG10M,159.971014,159.971014,159.971014,159.971014
08/31/1937,TRUSG10M,159.0787538,159.0787538,159.0787538,159.0787538
09/30/1937,TRUSG10M,159.7233136,159.7233136,159.7233136,159.7233136
10/31/1937,TRUSG10M,160.0893462,160.0893462,160.0893462,160.0893462
11/30/1937,TRUSG10M,161.2954035,161.2954035,161.2954035,161.2954035
12/31/1937,TRUSG10M,161.797637,161.797637,161.797637,161.797637
01/31/1938,TRUSG10M,162.4413575,162.4413575,162.4413575,162.4413575
02/28/1938,TRUSG10M,163.369113,163.369113,163.369113,163.369113
03/31/1938,TRUSG10M,163.4410629,163.4410629,163.4410629,163.4410629
04/30/1938,TRUSG10M,165.0892327,165.0892327,165.0892327,165.0892327
05/31/1938,TRUSG10M,166.0176734,166.0176734,166.0176734,166.0176734
06/30/1938,TRUSG10M,166.0752237,166.0752237,166.0752237,166.0752237
07/31/1938,TRUSG10M,166.5704509,166.5704509,166.5704509,166.5704509
08/31/1938,TRUSG10M,167.2114604,167.2114604,167.2114604,167.2114604
09/30/1938,TRUSG10M,166.3959991,166.3959991,166.3959991,166.3959991
10/31/1938,TRUSG10M,168.3598258,168.3598258,168.3598258,168.3598258
11/30/1938,TRUSG10M,168.1191105,168.1191105,168.1191105,168.1191105
12/31/1938,TRUSG10M,168.9119045,168.9119045,168.9119045,168.9119045
01/31/1939,TRUSG10M,169.2609891,169.2609891,169.2609891,169.2609891
02/28/1939,TRUSG10M,170.3520063,170.3520063,170.3520063,170.3520063
03/31/1939,TRUSG10M,172.0431466,172.0431466,172.0431466,172.0431466
04/30/1939,TRUSG10M,173.4360399,173.4360399,173.4360399,173.4360399
05/31/1939,TRUSG10M,175.9051107,175.9051107,175.9051107,175.9051107
06/30/1939,TRUSG10M,175.7552363,175.7552363,175.7552363,175.7552363
07/31/1939,TRUSG10M,176.3800679,176.3800679,176.3800679,176.3800679
08/31/1939,TRUSG10M,174.6968731,174.6968731,174.6968731,174.6968731
09/30/1939,TRUSG10M,168.002211,168.002211,168.002211,168.002211
10/31/1939,TRUSG10M,171.7906126,171.7906126,171.7906126,171.7906126
11/30/1939,TRUSG10M,173.8093583,173.8093583,173.8093583,173.8093583
12/31/1939,TRUSG10M,175.684343,175.684343,175.684343,175.684343
01/31/1940,TRUSG10M,175.8673593,175.8673593,175.8673593,175.8673593
02/29/1940,TRUSG10M,176.0520484,176.0520484,176.0520484,176.0520484
03/31/1940,TRUSG10M,177.9408378,177.9408378,177.9408378,177.9408378
04/30/1940,TRUSG10M,177.337413,177.337413,177.337413,177.337413
05/31/1940,TRUSG10M,174.7518201,174.7518201,174.7518201,174.7518201
06/30/1940,TRUSG10M,177.4189445,177.4189445,177.4189445,177.4189445
07/31/1940,TRUSG10M,178.8526413,178.8526413,178.8526413,178.8526413
08/31/1940,TRUSG10M,179.5015933,179.5015933,179.5015933,179.5015933
09/30/1940,TRUSG10M,181.0981571,181.0981571,181.0981571,181.0981571
10/31/1940,TRUSG10M,182.378171,182.378171,182.378171,182.378171
11/30/1940,TRUSG10M,185.2764037,185.2764037,185.2764037,185.2764037
12/31/1940,TRUSG10M,186.3905763,186.3905763,186.3905763,186.3905763
01/31/1941,TRUSG10M,186.6825733,186.6825733,186.6825733,186.6825733
02/28/1941,TRUSG10M,185.5214898,185.5214898,185.5214898,185.5214898
03/31/1941,TRUSG10M,188.2043962,188.2043962,188.2043962,188.2043962
04/30/1941,TRUSG10M,189.8860571,189.8860571,189.8860571,189.8860571
05/31/1941,TRUSG10M,190.0357835,190.0357835,190.0357835,190.0357835
06/30/1941,TRUSG10M,192.0669661,192.0669661,192.0669661,192.0669661
07/31/1941,TRUSG10M,194.4535517,194.4535517,194.4535517,194.4535517
08/31/1941,TRUSG10M,193.5300113,193.5300113,193.5300113,193.5300113
09/30/1941,TRUSG10M,193.6597972,193.6597972,193.6597972,193.6597972
10/31/1941,TRUSG10M,194.8349727,194.8349727,194.8349727,194.8349727
11/30/1941,TRUSG10M,194.4361746,194.4361746,194.4361746,194.4361746
12/31/1941,TRUSG10M,191.4601552,191.4601552,191.4601552,191.4601552
01/31/1942,TRUSG10M,191.9618355,191.9618355,191.9618355,191.9618355
02/28/1942,TRUSG10M,191.0930234,191.0930234,191.0930234,191.0930234
03/31/1942,TRUSG10M,192.8048697,192.8048697,192.8048697,192.8048697
04/30/1942,TRUSG10M,192.1019644,192.1019644,192.1019644,192.1019644
05/31/1942,TRUSG10M,192.9560166,192.9560166,192.9560166,192.9560166
06/30/1942,TRUSG10M,193.1179123,193.1179123,193.1179123,193.1179123
07/31/1942,TRUSG10M,192.936708,192.936708,192.936708,192.936708
08/31/1942,TRUSG10M,193.2775628,193.2775628,193.2775628,193.2775628
09/30/1942,TRUSG10M,193.4462381,193.4462381,193.4462381,193.4462381
10/31/1942,TRUSG10M,193.9626936,193.9626936,193.9626936,193.9626936
11/30/1942,TRUSG10M,193.9587458,193.9587458,193.9587458,193.9587458
12/31/1942,TRUSG10M,194.8257492,194.8257492,194.8257492,194.8257492
01/31/1943,TRUSG10M,195.8667909,195.8667909,195.8667909,195.8667909
02/28/1943,TRUSG10M,196.0294794,196.0294794,196.0294794,196.0294794
03/31/1943,TRUSG10M,196.0188187,196.0188187,196.0188187,196.0188187
04/30/1943,TRUSG10M,196.7129101,196.7129101,196.7129101,196.7129101
05/31/1943,TRUSG10M,197.9361266,197.9361266,197.9361266,197.9361266
06/30/1943,TRUSG10M,198.4482469,198.4482469,198.4482469,198.4482469
07/31/1943,TRUSG10M,198.4273252,198.4273252,198.4273252,198.4273252
08/31/1943,TRUSG10M,198.4097818,198.4097818,198.4097818,198.4097818
09/30/1943,TRUSG10M,198.7503852,198.7503852,198.7503852,198.7503852
10/31/1943,TRUSG10M,198.7361948,198.7361948,198.7361948,198.7361948
11/30/1943,TRUSG10M,198.5480109,198.5480109,198.5480109,198.5480109
12/31/1943,TRUSG10M,198.7196139,198.7196139,198.7196139,198.7196139
01/31/1944,TRUSG10M,199.0706853,199.0706853,199.0706853,199.0706853
02/29/1944,TRUSG10M,200.1359988,200.1359988,200.1359988,200.1359988
03/31/1944,TRUSG10M,200.4829012,200.4829012,200.4829012,200.4829012
04/30/1944,TRUSG10M,200.651112,200.651112,200.651112,200.651112
05/31/1944,TRUSG10M,201.0005794,201.0005794,201.0005794,201.0005794
06/30/1944,TRUSG10M,201.1709171,201.1709171,201.1709171,201.1709171
07/31/1944,TRUSG10M,201.5229662,201.5229662,201.5229662,201.5229662
08/31/1944,TRUSG10M,202.4172761,202.4172761,202.4172761,202.4172761
09/30/1944,TRUSG10M,202.5854055,202.5854055,202.5854055,202.5854055
10/31/1944,TRUSG10M,202.7553805,202.7553805,202.7553805,202.7553805
11/30/1944,TRUSG10M,203.1085128,203.1085128,203.1085128,203.1085128
12/31/1944,TRUSG10M,203.2806369,203.2806369,203.2806369,203.2806369
01/31/1945,TRUSG10M,206.2001695,206.2001695,206.2001695,206.2001695
02/28/1945,TRUSG10M,207.6485738,207.6485738,207.6485738,207.6485738
03/31/1945,TRUSG10M,208.9102766,208.9102766,208.9102766,208.9102766
04/30/1945,TRUSG10M,211.493985,211.493985,211.493985,211.493985
05/31/1945,TRUSG10M,211.7988888,211.7988888,211.7988888,211.7988888
06/30/1945,TRUSG10M,213.0573716,213.0573716,213.0573716,213.0573716
07/31/1945,TRUSG10M,212.7823943,212.7823943,212.7823943,212.7823943
08/31/1945,TRUSG10M,213.4681339,213.4681339,213.4681339,213.4681339
09/30/1945,TRUSG10M,214.3448039,214.3448039,214.3448039,214.3448039
10/31/1945,TRUSG10M,215.8001927,215.8001927,215.8001927,215.8001927
11/30/1945,TRUSG10M,217.0602896,217.0602896,217.0602896,217.0602896
12/31/1945,TRUSG10M,215.0121416,215.0121416,215.0121416,215.0121416
01/31/1946,TRUSG10M,216.4737413,216.4737413,216.4737413,216.4737413
02/28/1946,TRUSG10M,217.1537124,217.1537124,217.1537124,217.1537124
03/31/1946,TRUSG10M,217.8322751,217.8322751,217.8322751,217.8322751
04/30/1946,TRUSG10M,215.2012062,215.2012062,215.2012062,215.2012062
05/31/1946,TRUSG10M,215.3165336,215.3165336,215.3165336,215.3165336
06/30/1946,TRUSG10M,216.2077478,216.2077478,216.2077478,216.2077478
07/31/1946,TRUSG10M,215.7389336,215.7389336,215.7389336,215.7389336
08/31/1946,TRUSG10M,214.8932191,214.8932191,214.8932191,214.8932191
09/30/1946,TRUSG10M,214.2539719,214.2539719,214.2539719,214.2539719
10/31/1946,TRUSG10M,214.9689298,214.9689298,214.9689298,214.9689298
11/30/1946,TRUSG10M,213.7604258,213.7604258,213.7604258,213.7604258
12/31/1946,TRUSG10M,215.8326526,215.8326526,215.8326526,215.8326526
01/31/1947,TRUSG10M,216.9359681,216.9359681,216.9359681,216.9359681
02/28/1947,TRUSG10M,217.6474848,217.6474848,217.6474848,217.6474848
03/31/1947,TRUSG10M,217.9667012,217.9667012,217.9667012,217.9667012
04/30/1947,TRUSG10M,217.8955132,217.8955132,217.8955132,217.8955132
05/31/1947,TRUSG10M,218.4143531,218.4143531,218.4143531,218.4143531
06/30/1947,TRUSG10M,217.9540225,217.9540225,217.9540225,217.9540225
07/31/1947,TRUSG10M,218.4783938,218.4783938,218.4783938,218.4783938
08/31/1947,TRUSG10M,219.3950415,219.3950415,219.3950415,219.3950415
09/30/1947,TRUSG10M,218.7366338,218.7366338,218.7366338,218.7366338
10/31/1947,TRUSG10M,217.1160737,217.1160737,217.1160737,217.1160737
11/30/1947,TRUSG10M,215.5274811,215.5274811,215.5274811,215.5274811
12/31/1947,TRUSG10M,212.8275291,212.8275291,212.8275291,212.8275291
01/31/1948,TRUSG10M,213.2141658,213.2141658,213.2141658,213.2141658
02/29/1948,TRUSG10M,213.983061,213.983061,213.983061,213.983061
03/31/1948,TRUSG10M,214.5596384,214.5596384,214.5596384,214.5596384
04/30/1948,TRUSG10M,215.1360001,215.1360001,215.1360001,215.1360001
05/31/1948,TRUSG10M,217.2588904,217.2588904,217.2588904,217.2588904
06/30/1948,TRUSG10M,215.6952256,215.6952256,215.6952256,215.6952256
07/31/1948,TRUSG10M,215.6963405,215.6963405,215.6963405,215.6963405
08/31/1948,TRUSG10M,215.7011256,215.7011256,215.7011256,215.7011256
09/30/1948,TRUSG10M,216.6740227,216.6740227,216.6740227,216.6740227
10/31/1948,TRUSG10M,216.2907082,216.2907082,216.2907082,216.2907082
11/30/1948,TRUSG10M,217.656157,217.656157,217.656157,217.656157
12/31/1948,TRUSG10M,218.6308455,218.6308455,218.6308455,218.6308455
01/31/1949,TRUSG10M,219.9972588,219.9972588,219.9972588,219.9972588
02/28/1949,TRUSG10M,220.5737145,220.5737145,220.5737145,220.5737145
03/31/1949,TRUSG10M,221.7435343,221.7435343,221.7435343,221.7435343
04/30/1949,TRUSG10M,222.3154231,222.3154231,222.3154231,222.3154231
05/31/1949,TRUSG10M,222.8869535,222.8869535,222.8869535,222.8869535
06/30/1949,TRUSG10M,224.8615026,224.8615026,224.8615026,224.8615026
07/31/1949,TRUSG10M,225.8267133,225.8267133,225.8267133,225.8267133
08/31/1949,TRUSG10M,227.6043871,227.6043871,227.6043871,227.6043871
09/30/1949,TRUSG10M,227.3380143,227.3380143,227.3380143,227.3380143
10/31/1949,TRUSG10M,227.6884937,227.6884937,227.6884937,227.6884937
11/30/1949,TRUSG10M,228.0395135,228.0395135,228.0395135,228.0395135
12/31/1949,TRUSG10M,229.4161097,229.4161097,229.4161097,229.4161097
01/31/1950,TRUSG10M,227.7122103,227.7122103,227.7122103,227.7122103
02/28/1950,TRUSG10M,227.6649578,227.6649578,227.6649578,227.6649578
03/31/1950,TRUSG10M,227.6215884,227.6215884,227.6215884,227.6215884
04/30/1950,TRUSG10M,226.9724106,226.9724106,226.9724106,226.9724106
05/31/1950,TRUSG10M,227.1456463,227.1456463,227.1456463,227.1456463
06/30/1950,TRUSG10M,226.3074909,226.3074909,226.3074909,226.3074909
07/31/1950,TRUSG10M,226.6959854,226.6959854,226.6959854,226.6959854
08/31/1950,TRUSG10M,227.0851469,227.0851469,227.0851469,227.0851469
09/30/1950,TRUSG10M,226.663701,226.663701,226.663701,226.663701
10/31/1950,TRUSG10M,225.8473911,225.8473911,225.8473911,225.8473911
11/30/1950,TRUSG10M,225.6490636,225.6490636,225.6490636,225.6490636
12/31/1950,TRUSG10M,226.2626571,226.2626571,226.2626571,226.2626571
01/31/1951,TRUSG10M,227.6874864,227.6874864,227.6874864,227.6874864
02/28/1951,TRUSG10M,226.8735374,226.8735374,226.8735374,226.8735374
03/31/1951,TRUSG10M,224.2685675,224.2685675,224.2685675,224.2685675
04/30/1951,TRUSG10M,222.7142853,222.7142853,222.7142853,222.7142853
05/31/1951,TRUSG10M,221.3879739,221.3879739,221.3879739,221.3879739
06/30/1951,TRUSG10M,221.6576168,221.6576168,221.6576168,221.6576168
07/31/1951,TRUSG10M,224.1110147,224.1110147,224.1110147,224.1110147
08/31/1951,TRUSG10M,226.7767987,226.7767987,226.7767987,226.7767987
09/30/1951,TRUSG10M,224.4030201,224.4030201,224.4030201,224.4030201
10/31/1951,TRUSG10M,224.2657549,224.2657549,224.2657549,224.2657549
11/30/1951,TRUSG10M,223.935215,223.935215,223.935215,223.935215
12/31/1951,TRUSG10M,225.0084991,225.0084991,225.0084991,225.0084991
01/31/1952,TRUSG10M,225.4790871,225.4790871,225.4790871,225.4790871
02/29/1952,TRUSG10M,224.956595,224.956595,224.956595,224.956595
03/31/1952,TRUSG10M,225.4252546,225.4252546,225.4252546,225.4252546
04/30/1952,TRUSG10M,228.0726314,228.0726314,228.0726314,228.0726314
05/31/1952,TRUSG10M,229.3262667,229.3262667,229.3262667,229.3262667
06/30/1952,TRUSG10M,228.9744079,228.9744079,228.9744079,228.9744079
07/31/1952,TRUSG10M,228.232563,228.232563,228.232563,228.232563
08/31/1952,TRUSG10M,226.9113471,226.9113471,226.9113471,226.9113471
09/30/1952,TRUSG10M,225.2242068,225.2242068,225.2242068,225.2242068
10/31/1952,TRUSG10M,228.4903346,228.4903346,228.4903346,228.4903346
11/30/1952,TRUSG10M,229.1679156,229.1679156,229.1679156,229.1679156
12/31/1952,TRUSG10M,229.2454038,229.2454038,229.2454038,229.2454038
01/31/1953,TRUSG10M,227.5366121,227.5366121,227.5366121,227.5366121
02/28/1953,TRUSG10M,226.6508458,226.6508458,226.6508458,226.6508458
03/31/1953,TRUSG10M,225.9790798,225.9790798,225.9790798,225.9790798
04/30/1953,TRUSG10M,225.1258133,225.1258133,225.1258133,225.1258133
05/31/1953,TRUSG10M,221.392709,221.392709,221.392709,221.392709
06/30/1953,TRUSG10M,220.8055416,220.8055416,220.8055416,220.8055416
07/31/1953,TRUSG10M,224.8569074,224.8569074,224.8569074,224.8569074
08/31/1953,TRUSG10M,225.0153586,225.0153586,225.0153586,225.0153586
09/30/1953,TRUSG10M,227.1393038,227.1393038,227.1393038,227.1393038
10/31/1953,TRUSG10M,231.8753389,231.8753389,231.8753389,231.8753389
11/30/1953,TRUSG10M,231.9853659,231.9853659,231.9853659,231.9853659
12/31/1953,TRUSG10M,234.3316782,234.3316782,234.3316782,234.3316782
01/31/1954,TRUSG10M,237.0989951,237.0989951,237.0989951,237.0989951
02/28/1954,TRUSG10M,237.7962452,237.7962452,237.7962452,237.7962452
03/31/1954,TRUSG10M,240.3737699,240.3737699,240.3737699,240.3737699
04/30/1954,TRUSG10M,242.5372306,242.5372306,242.5372306,242.5372306
05/31/1954,TRUSG10M,241.3081273,241.3081273,241.3081273,241.3081273
06/30/1954,TRUSG10M,241.5737426,241.5737426,241.5737426,241.5737426
07/31/1954,TRUSG10M,243.7498319,243.7498319,243.7498319,243.7498319
08/31/1954,TRUSG10M,242.940592,242.940592,242.940592,242.940592
09/30/1954,TRUSG10M,242.9937482,242.9937482,242.9937482,242.9937482
10/31/1954,TRUSG10M,242.4156903,242.4156903,242.4156903,242.4156903
11/30/1954,TRUSG10M,241.849682,241.849682,241.849682,241.849682
12/31/1954,TRUSG10M,241.7165637,241.7165637,241.7165637,241.7165637
01/31/1955,TRUSG10M,240.1214749,240.1214749,240.1214749,240.1214749
02/28/1955,TRUSG10M,239.8074489,239.8074489,239.8074489,239.8074489
03/31/1955,TRUSG10M,239.9191956,239.9191956,239.9191956,239.9191956
04/30/1955,TRUSG10M,238.7862328,238.7862328,238.7862328,238.7862328
05/31/1955,TRUSG10M,239.1255524,239.1255524,239.1255524,239.1255524
06/30/1955,TRUSG10M,239.2594036,239.2594036,239.2594036,239.2594036
07/31/1955,TRUSG10M,237.3282929,237.3282929,237.3282929,237.3282929
08/31/1955,TRUSG10M,236.4620795,236.4620795,236.4620795,236.4620795
09/30/1955,TRUSG10M,237.0473232,237.0473232,237.0473232,237.0473232
10/31/1955,TRUSG10M,239.4961433,239.4961433,239.4961433,239.4961433
11/30/1955,TRUSG10M,239.8627153,239.8627153,239.8627153,239.8627153
12/31/1955,TRUSG10M,238.9850925,238.9850925,238.9850925,238.9850925
01/31/1956,TRUSG10M,239.574582,239.574582,239.574582,239.574582
02/29/1956,TRUSG10M,241.383693,241.383693,241.383693,241.383693
03/31/1956,TRUSG10M,239.496091,239.496091,239.496091,239.496091
04/30/1956,TRUSG10M,235.6422916,235.6422916,235.6422916,235.6422916
05/31/1956,TRUSG10M,238.482924,238.482924,238.482924,238.482924
06/30/1956,TRUSG10M,240.519444,240.519444,240.519444,240.519444
07/31/1956,TRUSG10M,238.8780368,238.8780368,238.8780368,238.8780368
08/31/1956,TRUSG10M,235.0719861,235.0719861,235.0719861,235.0719861
09/30/1956,TRUSG10M,234.7290344,234.7290344,234.7290344,234.7290344
10/31/1956,TRUSG10M,236.1882618,236.1882618,236.1882618,236.1882618
11/30/1956,TRUSG10M,233.8605837,233.8605837,233.8605837,233.8605837
12/31/1956,TRUSG10M,232.5690885,232.5690885,232.5690885,232.5690885
01/31/1957,TRUSG10M,233.2648843,233.2648843,233.2648843,233.2648843
02/28/1957,TRUSG10M,236.2805042,236.2805042,236.2805042,236.2805042
03/31/1957,TRUSG10M,235.5642551,235.5642551,235.5642551,235.5642551
04/30/1957,TRUSG10M,234.8651635,234.8651635,234.8651635,234.8651635
05/31/1957,TRUSG10M,233.2150287,233.2150287,233.2150287,233.2150287
06/30/1957,TRUSG10M,230.0774305,230.0774305,230.0774305,230.0774305
07/31/1957,TRUSG10M,228.3435033,228.3435033,228.3435033,228.3435033
08/31/1957,TRUSG10M,229.0913282,229.0913282,229.0913282,229.0913282
09/30/1957,TRUSG10M,230.031166,230.031166,230.031166,230.031166
10/31/1957,TRUSG10M,229.8335196,229.8335196,229.8335196,229.8335196
11/30/1957,TRUSG10M,235.4013031,235.4013031,235.4013031,235.4013031
12/31/1957,TRUSG10M,246.3377313,246.3377313,246.3377313,246.3377313
01/31/1958,TRUSG10M,249.4791173,249.4791173,249.4791173,249.4791173
02/28/1958,TRUSG10M,250.9576005,250.9576005,250.9576005,250.9576005
03/31/1958,TRUSG10M,253.0701624,253.0701624,253.0701624,253.0701624
04/30/1958,TRUSG10M,255.8281115,255.8281115,255.8281115,255.8281115
05/31/1958,TRUSG10M,255.5857661,255.5857661,255.5857661,255.5857661
06/30/1958,TRUSG10M,255.1393561,255.1393561,255.1393561,255.1393561
07/31/1958,TRUSG10M,250.9107941,250.9107941,250.9107941,250.9107941
08/31/1958,TRUSG10M,244.5726326,244.5726326,244.5726326,244.5726326
09/30/1958,TRUSG10M,240.8683986,240.8683986,240.8683986,240.8683986
10/31/1958,TRUSG10M,240.8260185,240.8260185,240.8260185,240.8260185
11/30/1958,TRUSG10M,242.7892327,242.7892327,242.7892327,242.7892327
12/31/1958,TRUSG10M,241.1442065,241.1442065,241.1442065,241.1442065
01/31/1959,TRUSG10M,241.9198781,241.9198781,241.9198781,241.9198781
02/28/1959,TRUSG10M,243.9119524,243.9119524,243.9119524,243.9119524
03/31/1959,TRUSG10M,244.1232388,244.1232388,244.1232388,244.1232388
04/30/1959,TRUSG10M,242.3737172,242.3737172,242.3737172,242.3737172
05/31/1959,TRUSG10M,239.5067322,239.5067322,239.5067322,239.5067322
06/30/1959,TRUSG10M,239.7869299,239.7869299,239.7869299,239.7869299
07/31/1959,TRUSG10M,239.4948965,239.4948965,239.4948965,239.4948965
08/31/1959,TRUSG10M,239.7937837,239.7937837,239.7937837,239.7937837
09/30/1959,TRUSG10M,235.8982206,235.8982206,235.8982206,235.8982206
10/31/1959,TRUSG10M,239.6841446,239.6841446,239.6841446,239.6841446
11/30/1959,TRUSG10M,240.5889522,240.5889522,240.5889522,240.5889522
12/31/1959,TRUSG10M,238.4185337,238.4185337,238.4185337,238.4185337
01/31/1960,TRUSG10M,238.7760811,238.7760811,238.7760811,238.7760811
02/29/1960,TRUSG10M,244.1777635,244.1777635,244.1777635,244.1777635
03/31/1960,TRUSG10M,249.8713681,249.8713681,249.8713681,249.8713681
04/30/1960,TRUSG10M,250.1506829,250.1506829,250.1506829,250.1506829
05/31/1960,TRUSG10M,249.6314323,249.6314323,249.6314323,249.6314323
06/30/1960,TRUSG10M,254.6089806,254.6089806,254.6089806,254.6089806
07/31/1960,TRUSG10M,260.7091537,260.7091537,260.7091537,260.7091537
08/31/1960,TRUSG10M,263.6864938,263.6864938,263.6864938,263.6864938
09/30/1960,TRUSG10M,264.521501,264.521501,264.521501,264.521501
10/31/1960,TRUSG10M,263.4290362,263.4290362,263.4290362,263.4290362
11/30/1960,TRUSG10M,263.4277257,263.4277257,263.4277257,263.4277257
12/31/1960,TRUSG10M,266.2257269,266.2257269,266.2257269,266.2257269
01/31/1961,TRUSG10M,267.0776493,267.0776493,267.0776493,267.0776493
02/28/1961,TRUSG10M,269.240125,269.240125,269.240125,269.240125
03/31/1961,TRUSG10M,270.9670692,270.9670692,270.9670692,270.9670692
04/30/1961,TRUSG10M,270.9300064,270.9300064,270.9300064,270.9300064
05/31/1961,TRUSG10M,273.3332875,273.3332875,273.3332875,273.3332875
06/30/1961,TRUSG10M,270.4208204,270.4208204,270.4208204,270.4208204
07/31/1961,TRUSG10M,270.4170988,270.4170988,270.4170988,270.4170988
08/31/1961,TRUSG10M,268.6777854,268.6777854,268.6777854,268.6777854
09/30/1961,TRUSG10M,270.8943041,270.8943041,270.8943041,270.8943041
10/31/1961,TRUSG10M,273.1166821,273.1166821,273.1166821,273.1166821
11/30/1961,TRUSG10M,273.5652687,273.5652687,273.5652687,273.5652687
12/31/1961,TRUSG10M,271.8110076,271.8110076,271.8110076,271.8110076
01/31/1962,TRUSG10M,271.8502645,271.8502645,271.8502645,271.8502645
02/28/1962,TRUSG10M,274.9938936,274.9938936,274.9938936,274.9938936
03/31/1962,TRUSG10M,279.0575982,279.0575982,279.0575982,279.0575982
04/30/1962,TRUSG10M,279.9552335,279.9552335,279.9552335,279.9552335
05/31/1962,TRUSG10M,279.9464605,279.9464605,279.9464605,279.9464605
06/30/1962,TRUSG10M,278.5909066,278.5909066,278.5909066,278.5909066
07/31/1962,TRUSG10M,278.6164518,278.6164518,278.6164518,278.6164518
08/31/1962,TRUSG10M,281.3702031,281.3702031,281.3702031,281.3702031
09/30/1962,TRUSG10M,282.7563448,282.7563448,282.7563448,282.7563448
10/31/1962,TRUSG10M,284.1447318,284.1447318,284.1447318,284.1447318
11/30/1962,TRUSG10M,285.0729379,285.0729379,285.0729379,285.0729379
12/31/1962,TRUSG10M,287.6317353,287.6317353,287.6317353,287.6317353
01/31/1963,TRUSG10M,288.0869259,288.0869259,288.0869259,288.0869259
02/28/1963,TRUSG10M,287.3810982,287.3810982,287.3810982,287.3810982
03/31/1963,TRUSG10M,288.0912383,288.0912383,288.0912383,288.0912383
04/30/1963,TRUSG10M,289.0395387,289.0395387,289.0395387,289.0395387
05/31/1963,TRUSG10M,289.7562185,289.7562185,289.7562185,289.7562185
06/30/1963,TRUSG10M,289.7726016,289.7726016,289.7726016,289.7726016
07/31/1963,TRUSG10M,290.7385103,290.7385103,290.7385103,290.7385103
08/31/1963,TRUSG10M,291.2359525,291.2359525,291.2359525,291.2359525
09/30/1963,TRUSG10M,291.0323866,291.0323866,291.0323866,291.0323866
10/31/1963,TRUSG10M,290.1380857,290.1380857,290.1380857,290.1380857
11/30/1963,TRUSG10M,292.7925941,292.7925941,292.7925941,292.7925941
12/31/1963,TRUSG10M,292.3673573,292.3673573,292.3673573,292.3673573
01/31/1964,TRUSG10M,293.1392142,293.1392142,293.1392142,293.1392142
02/29/1964,TRUSG10M,293.4414618,293.4414618,293.4414618,293.4414618
03/31/1964,TRUSG10M,293.2781543,293.2781543,293.2781543,293.2781543
04/30/1964,TRUSG10M,294.5494329,294.5494329,294.5494329,294.5494329
05/31/1964,TRUSG10M,296.3015592,296.3015592,296.3015592,296.3015592
06/30/1964,TRUSG10M,298.2977539,298.2977539,298.2977539,298.2977539
07/31/1964,TRUSG10M,298.364433,298.364433,298.364433,298.364433
08/31/1964,TRUSG10M,298.9234584,298.9234584,298.9234584,298.9234584
09/30/1964,TRUSG10M,300.6992155,300.6992155,300.6992155,300.6992155
10/31/1964,TRUSG10M,302.2341934,302.2341934,302.2341934,302.2341934
11/30/1964,TRUSG10M,302.304409,302.304409,302.304409,302.304409
12/31/1964,TRUSG10M,303.1178226,303.1178226,303.1178226,303.1178226
01/31/1965,TRUSG10M,304.6725161,304.6725161,304.6725161,304.6725161
02/28/1965,TRUSG10M,304.9972288,304.9972288,304.9972288,304.9972288
03/31/1965,TRUSG10M,306.5640334,306.5640334,306.5640334,306.5640334
04/30/1965,TRUSG10M,307.3889085,307.3889085,307.3889085,307.3889085
05/31/1965,TRUSG10M,307.9701063,307.9701063,307.9701063,307.9701063
06/30/1965,TRUSG10M,309.8045257,309.8045257,309.8045257,309.8045257
07/31/1965,TRUSG10M,310.3876382,310.3876382,310.3876382,310.3876382
08/31/1965,TRUSG10M,310.2259545,310.2259545,310.2259545,310.2259545
09/30/1965,TRUSG10M,309.3300283,309.3300283,309.3300283,309.3300283
10/31/1965,TRUSG10M,308.9560893,308.9560893,308.9560893,308.9560893
11/30/1965,TRUSG10M,308.3514561,308.3514561,308.3514561,308.3514561
12/31/1965,TRUSG10M,305.3092875,305.3092875,305.3092875,305.3092875
01/31/1966,TRUSG10M,306.4922569,306.4922569,306.4922569,306.4922569
02/28/1966,TRUSG10M,299.9403029,299.9403029,299.9403029,299.9403029
03/31/1966,TRUSG10M,308.49875,308.49875,308.49875,308.49875
04/30/1966,TRUSG10M,307.7968977,307.7968977,307.7968977,307.7968977
05/31/1966,TRUSG10M,308.7864909,308.7864909,308.7864909,308.7864909
06/30/1966,TRUSG10M,305.9761783,305.9761783,305.9761783,305.9761783
07/31/1966,TRUSG10M,305.3541097,305.3541097,305.3541097,305.3541097
08/31/1966,TRUSG10M,299.4200908,299.4200908,299.4200908,299.4200908
09/30/1966,TRUSG10M,308.7217757,308.7217757,308.7217757,308.7217757
10/31/1966,TRUSG10M,311.2110175,311.2110175,311.2110175,311.2110175
11/30/1966,TRUSG10M,308.9086517,308.9086517,308.9086517,308.9086517
12/31/1966,TRUSG10M,321.9488962,321.9488962,321.9488962,321.9488962
01/31/1967,TRUSG10M,326.2195495,326.2195495,326.2195495,326.2195495
02/28/1967,TRUSG10M,322.4053101,322.4053101,322.4053101,322.4053101
03/31/1967,TRUSG10M,329.247819,329.247819,329.247819,329.247819
04/30/1967,TRUSG10M,323.3812153,323.3812153,323.3812153,323.3812153
05/31/1967,TRUSG10M,323.9165435,323.9165435,323.9165435,323.9165435
06/30/1967,TRUSG10M,315.0957777,315.0957777,315.0957777,315.0957777
07/31/1967,TRUSG10M,317.9294445,317.9294445,317.9294445,317.9294445
08/31/1967,TRUSG10M,316.6091302,316.6091302,316.6091302,316.6091302
09/30/1967,TRUSG10M,317.0249101,317.0249101,317.0249101,317.0249101
10/31/1967,TRUSG10M,310.4893614,310.4893614,310.4893614,310.4893614
11/30/1967,TRUSG10M,309.5798936,309.5798936,309.5798936,309.5798936
12/31/1967,TRUSG10M,312.0100944,312.0100944,312.0100944,312.0100944
01/31/1968,TRUSG10M,317.3433789,317.3433789,317.3433789,317.3433789
02/29/1968,TRUSG10M,318.3290601,318.3290601,318.3290601,318.3290601
03/31/1968,TRUSG10M,315.0366958,315.0366958,315.0366958,315.0366958
04/30/1968,TRUSG10M,317.0239046,317.0239046,317.0239046,317.0239046
05/31/1968,TRUSG10M,315.6897168,315.6897168,315.6897168,315.6897168
06/30/1968,TRUSG10M,322.5074271,322.5074271,322.5074271,322.5074271
07/31/1968,TRUSG10M,330.1796452,330.1796452,330.1796452,330.1796452
08/31/1968,TRUSG10M,330.9130127,330.9130127,330.9130127,330.9130127
09/30/1968,TRUSG10M,330.6585975,330.6585975,330.6585975,330.6585975
10/31/1968,TRUSG10M,329.1857182,329.1857182,329.1857182,329.1857182
11/30/1968,TRUSG10M,326.5319441,326.5319441,326.5319441,326.5319441
12/31/1968,TRUSG10M,318.9238402,318.9238402,318.9238402,318.9238402
01/31/1969,TRUSG10M,319.8461443,319.8461443,319.8461443,319.8461443
02/28/1969,TRUSG10M,319.8516398,319.8516398,319.8516398,319.8516398
03/31/1969,TRUSG10M,320.5804013,320.5804013,320.5804013,320.5804013
04/30/1969,TRUSG10M,324.6317846,324.6317846,324.6317846,324.6317846
05/31/1969,TRUSG10M,317.8399977,317.8399977,317.8399977,317.8399977
06/30/1969,TRUSG10M,315.652754,315.652754,315.652754,315.652754
07/31/1969,TRUSG10M,319.0407714,319.0407714,319.0407714,319.0407714
08/31/1969,TRUSG10M,316.8788072,316.8788072,316.8788072,316.8788072
09/30/1969,TRUSG10M,303.4600461,303.4600461,303.4600461,303.4600461
10/31/1969,TRUSG10M,318.1343114,318.1343114,318.1343114,318.1343114
11/30/1969,TRUSG10M,312.0058354,312.0058354,312.0058354,312.0058354
12/31/1969,TRUSG10M,300.9500941,300.9500941,300.9500941,300.9500941
01/31/1970,TRUSG10M,305.7392719,305.7392719,305.7392719,305.7392719
02/28/1970,TRUSG10M,327.0694075,327.0694075,327.0694075,327.0694075
03/31/1970,TRUSG10M,324.7013813,324.7013813,324.7013813,324.7013813
04/30/1970,TRUSG10M,309.7627136,309.7627136,309.7627136,309.7627136
05/31/1970,TRUSG10M,308.916642,308.916642,308.916642,308.916642
06/30/1970,TRUSG10M,316.9904642,316.9904642,316.9904642,316.9904642
07/31/1970,TRUSG10M,325.9349758,325.9349758,325.9349758,325.9349758
08/31/1970,TRUSG10M,325.3661253,325.3661253,325.3661253,325.3661253
09/30/1970,TRUSG10M,332.1242654,332.1242654,332.1242654,332.1242654
10/31/1970,TRUSG10M,333.183802,333.183802,333.183802,333.183802
11/30/1970,TRUSG10M,356.2175004,356.2175004,356.2175004,356.2175004
12/31/1970,TRUSG10M,357.8830812,357.8830812,357.8830812,357.8830812
01/31/1971,TRUSG10M,370.7783762,370.7783762,370.7783762,370.7783762
02/28/1971,TRUSG10M,371.2948534,371.2948534,371.2948534,371.2948534
03/31/1971,TRUSG10M,390.3741315,390.3741315,390.3741315,390.3741315
04/30/1971,TRUSG10M,376.5694488,376.5694488,376.5694488,376.5694488
05/31/1971,TRUSG10M,370.251206,370.251206,370.251206,370.251206
06/30/1971,TRUSG10M,363.6451028,363.6451028,363.6451028,363.6451028
07/31/1971,TRUSG10M,361.7195538,361.7195538,361.7195538,361.7195538
08/31/1971,TRUSG10M,379.1969096,379.1969096,379.1969096,379.1969096
09/30/1971,TRUSG10M,389.0931969,389.0931969,389.0931969,389.0931969
10/31/1971,TRUSG10M,394.8004107,394.8004107,394.8004107,394.8004107
11/30/1971,TRUSG10M,394.9813474,394.9813474,394.9813474,394.9813474
12/31/1971,TRUSG10M,398.1047653,398.1047653,398.1047653,398.1047653
01/31/1972,TRUSG10M,394.2153001,394.2153001,394.2153001,394.2153001
02/29/1972,TRUSG10M,397.6741355,397.6741355,397.6741355,397.6741355
03/31/1972,TRUSG10M,397.334132,397.334132,397.334132,397.334132
04/30/1972,TRUSG10M,398.7748369,398.7748369,398.7748369,398.7748369
05/31/1972,TRUSG10M,403.4728931,403.4728931,403.4728931,403.4728931
06/30/1972,TRUSG10M,402.5405864,402.5405864,402.5405864,402.5405864
07/31/1972,TRUSG10M,405.4952425,405.4952425,405.4952425,405.4952425
08/31/1972,TRUSG10M,398.7113353,398.7113353,398.7113353,398.7113353
09/30/1972,TRUSG10M,397.3525775,397.3525775,397.3525775,397.3525775
10/31/1972,TRUSG10M,403.3233603,403.3233603,403.3233603,403.3233603
11/30/1972,TRUSG10M,409.3490813,409.3490813,409.3490813,409.3490813
12/31/1972,TRUSG10M,407.5997796,407.5997796,407.5997796,407.5997796
01/31/1973,TRUSG10M,405.9109322,405.9109322,405.9109322,405.9109322
02/28/1973,TRUSG10M,405.2055417,405.2055417,405.2055417,405.2055417
03/31/1973,TRUSG10M,404.829966,404.829966,404.829966,404.829966
04/30/1973,TRUSG10M,407.9754661,407.9754661,407.9754661,407.9754661
05/31/1973,TRUSG10M,403.5676602,403.5676602,403.5676602,403.5676602
06/30/1973,TRUSG10M,405.6090679,405.6090679,405.6090679,405.6090679
07/31/1973,TRUSG10M,394.0194168,394.0194168,394.0194168,394.0194168
08/31/1973,TRUSG10M,401.5379846,401.5379846,401.5379846,401.5379846
09/30/1973,TRUSG10M,414.1400978,414.1400978,414.1400978,414.1400978
10/31/1973,TRUSG10M,422.2145615,422.2145615,422.2145615,422.2145615
11/30/1973,TRUSG10M,425.183829,425.183829,425.183829,425.183829
12/31/1973,TRUSG10M,421.1855435,421.1855435,421.1855435,421.1855435
01/31/1974,TRUSG10M,420.5997503,420.5997503,420.5997503,420.5997503
02/28/1974,TRUSG10M,422.7562572,422.7562572,422.7562572,422.7562572
03/31/1974,TRUSG10M,413.4940089,413.4940089,413.4940089,413.4940089
04/30/1974,TRUSG10M,408.8815343,408.8815343,408.8815343,408.8815343
05/31/1974,TRUSG10M,415.5101564,415.5101564,415.5101564,415.5101564
06/30/1974,TRUSG10M,414.6448323,414.6448323,414.6448323,414.6448323
07/31/1974,TRUSG10M,410.1302791,410.1302791,410.1302791,410.1302791
08/31/1974,TRUSG10M,406.6209172,406.6209172,406.6209172,406.6209172
09/30/1974,TRUSG10M,414.1861645,414.1861645,414.1861645,414.1861645
10/31/1974,TRUSG10M,421.2666476,421.2666476,421.2666476,421.2666476
11/30/1974,TRUSG10M,428.4283228,428.4283228,428.4283228,428.4283228
12/31/1974,TRUSG10M,438.4095614,438.4095614,438.4095614,438.4095614
01/31/1975,TRUSG10M,437.1403897,437.1403897,437.1403897,437.1403897
02/28/1975,TRUSG10M,442.0026965,442.0026965,442.0026965,442.0026965
03/31/1975,TRUSG10M,428.3472788,428.3472788,428.3472788,428.3472788
04/30/1975,TRUSG10M,422.5327938,422.5327938,422.5327938,422.5327938
05/31/1975,TRUSG10M,433.3087697,433.3087697,433.3087697,433.3087697
06/30/1975,TRUSG10M,438.5898732,438.5898732,438.5898732,438.5898732
07/31/1975,TRUSG10M,434.3685541,434.3685541,434.3685541,434.3685541
08/31/1975,TRUSG10M,436.7453032,436.7453032,436.7453032,436.7453032
09/30/1975,TRUSG10M,432.0905123,432.0905123,432.0905123,432.0905123
10/31/1975,TRUSG10M,452.2599325,452.2599325,452.2599325,452.2599325
11/30/1975,TRUSG10M,448.1845701,448.1845701,448.1845701,448.1845701
12/31/1975,TRUSG10M,463.0409649,463.0409649,463.0409649,463.0409649
01/31/1976,TRUSG10M,464.7645114,464.7645114,464.7645114,464.7645114
02/29/1976,TRUSG10M,468.7443392,468.7443392,468.7443392,468.7443392
03/31/1976,TRUSG10M,475.3400903,475.3400903,475.3400903,475.3400903
04/30/1976,TRUSG10M,478.0471372,478.0471372,478.0471372,478.0471372
05/31/1976,TRUSG10M,471.6789242,471.6789242,471.6789242,471.6789242
06/30/1976,TRUSG10M,478.0513426,478.0513426,478.0513426,478.0513426
07/31/1976,TRUSG10M,481.1825789,481.1825789,481.1825789,481.1825789
08/31/1976,TRUSG10M,490.9948376,490.9948376,490.9948376,490.9948376
09/30/1976,TRUSG10M,497.8667164,497.8667164,497.8667164,497.8667164
10/31/1976,TRUSG10M,505.4918646,505.4918646,505.4918646,505.4918646
11/30/1976,TRUSG10M,523.2222548,523.2222548,523.2222548,523.2222548
12/31/1976,TRUSG10M,533.6421552,533.6421552,533.6421552,533.6421552
01/31/1977,TRUSG10M,515.2001306,515.2001306,515.2001306,515.2001306
02/28/1977,TRUSG10M,516.5981503,516.5981503,516.5981503,516.5981503
03/31/1977,TRUSG10M,520.8784636,520.8784636,520.8784636,520.8784636
04/30/1977,TRUSG10M,523.0194936,523.0194936,523.0194936,523.0194936
05/31/1977,TRUSG10M,528.8061153,528.8061153,528.8061153,528.8061153
06/30/1977,TRUSG10M,538.7022952,538.7022952,538.7022952,538.7022952
07/31/1977,TRUSG10M,533.7798099,533.7798099,533.7798099,533.7798099
08/31/1977,TRUSG10M,542.2831656,542.2831656,542.2831656,542.2831656
09/30/1977,TRUSG10M,540.7103604,540.7103604,540.7103604,540.7103604
10/31/1977,TRUSG10M,536.2642553,536.2642553,536.2642553,536.2642553
11/30/1977,TRUSG10M,542.2647759,542.2647759,542.2647759,542.2647759
12/31/1977,TRUSG10M,537.1562452,537.1562452,537.1562452,537.1562452
01/31/1978,TRUSG10M,534.775561,534.775561,534.775561,534.775561
02/28/1978,TRUSG10M,534.7119758,534.7119758,534.7119758,534.7119758
03/31/1978,TRUSG10M,534.3424337,534.3424337,534.3424337,534.3424337
04/30/1978,TRUSG10M,534.7444758,534.7444758,534.7444758,534.7444758
05/31/1978,TRUSG10M,531.9944551,531.9944551,531.9944551,531.9944551
06/30/1978,TRUSG10M,528.6602966,528.6602966,528.6602966,528.6602966
07/31/1978,TRUSG10M,534.580104,534.580104,534.580104,534.580104
08/31/1978,TRUSG10M,544.510707,544.510707,544.510707,544.510707
09/30/1978,TRUSG10M,542.1577096,542.1577096,542.1577096,542.1577096
10/31/1978,TRUSG10M,531.7859931,531.7859931,531.7859931,531.7859931
11/30/1978,TRUSG10M,539.2962212,539.2962212,539.2962212,539.2962212
12/31/1978,TRUSG10M,533.0224533,533.0224533,533.0224533,533.0224533
01/31/1979,TRUSG10M,544.1855095,544.1855095,544.1855095,544.1855095
02/28/1979,TRUSG10M,540.5637841,540.5637841,540.5637841,540.5637841
03/31/1979,TRUSG10M,546.7907612,546.7907612,546.7907612,546.7907612
04/30/1979,TRUSG10M,542.5584056,542.5584056,542.5584056,542.5584056
05/31/1979,TRUSG10M,557.0167597,557.0167597,557.0167597,557.0167597
06/30/1979,TRUSG10M,570.3173375,570.3173375,570.3173375,570.3173375
07/31/1979,TRUSG10M,567.1591697,567.1591697,567.1591697,567.1591697
08/31/1979,TRUSG10M,563.0631431,563.0631431,563.0631431,563.0631431
09/30/1979,TRUSG10M,560.2120101,560.2120101,560.2120101,560.2120101
10/31/1979,TRUSG10M,521.0783522,521.0783522,521.0783522,521.0783522
11/30/1979,TRUSG10M,536.9400497,536.9400497,536.9400497,536.9400497
12/31/1979,TRUSG10M,543.2745153,543.2745153,543.2745153,543.2745153
01/31/1980,TRUSG10M,521.5259167,521.5259167,521.5259167,521.5259167
02/29/1980,TRUSG10M,480.2611884,480.2611884,480.2611884,480.2611884
03/31/1980,TRUSG10M,487.5550037,487.5550037,487.5550037,487.5550037
04/30/1980,TRUSG10M,549.4097884,549.4097884,549.4097884,549.4097884
05/31/1980,TRUSG10M,571.4483908,571.4483908,571.4483908,571.4483908
06/30/1980,TRUSG10M,581.8963263,581.8963263,581.8963263,581.8963263
07/31/1980,TRUSG10M,563.7719738,563.7719738,563.7719738,563.7719738
08/31/1980,TRUSG10M,543.0462169,543.0462169,543.0462169,543.0462169
09/30/1980,TRUSG10M,538.5113776,538.5113776,538.5113776,538.5113776
10/31/1980,TRUSG10M,525.4468295,525.4468295,525.4468295,525.4468295
11/30/1980,TRUSG10M,523.1290189,523.1290189,523.1290189,523.1290189
12/31/1980,TRUSG10M,537.4474475,537.4474475,537.4474475,537.4474475
01/31/1981,TRUSG10M,535.3606759,535.3606759,535.3606759,535.3606759
02/28/1981,TRUSG10M,519.4683155,519.4683155,519.4683155,519.4683155
03/31/1981,TRUSG10M,533.8438449,533.8438449,533.8438449,533.8438449
04/30/1981,TRUSG10M,512.1480457,512.1480457,512.1480457,512.1480457
05/31/1981,TRUSG10M,535.2596978,535.2596978,535.2596978,535.2596978
06/30/1981,TRUSG10M,530.9827412,530.9827412,530.9827412,530.9827412
07/31/1981,TRUSG10M,514.7179571,514.7179571,514.7179571,514.7179571
08/31/1981,TRUSG10M,501.5033042,501.5033042,501.5033042,501.5033042
09/30/1981,TRUSG10M,496.9670542,496.9670542,496.9670542,496.9670542
10/31/1981,TRUSG10M,535.7816134,535.7816134,535.7816134,535.7816134
11/30/1981,TRUSG10M,587.2723756,587.2723756,587.2723756,587.2723756
12/31/1981,TRUSG10M,567.2913164,567.2913164,567.2913164,567.2913164
01/31/1982,TRUSG10M,569.0672685,569.0672685,569.0672685,569.0672685
02/28/1982,TRUSG10M,579.1280588,579.1280588,579.1280588,579.1280588
03/31/1982,TRUSG10M,581.2773429,581.2773429,581.2773429,581.2773429
04/30/1982,TRUSG10M,597.8710832,597.8710832,597.8710832,597.8710832
05/31/1982,TRUSG10M,609.9527208,609.9527208,609.9527208,609.9527208
06/30/1982,TRUSG10M,593.5794037,593.5794037,593.5794037,593.5794037
07/31/1982,TRUSG10M,625.3449341,625.3449341,625.3449341,625.3449341
08/31/1982,TRUSG10M,662.8623172,662.8623172,662.8623172,662.8623172
09/30/1982,TRUSG10M,711.1311199,711.1311199,711.1311199,711.1311199
10/31/1982,TRUSG10M,760.8179234,760.8179234,760.8179234,760.8179234
11/30/1982,TRUSG10M,764.0964589,764.0964589,764.0964589,764.0964589
12/31/1982,TRUSG10M,790.2863998,790.2863998,790.2863998,790.2863998
01/31/1983,TRUSG10M,777.1778688,777.1778688,777.1778688,777.1778688
02/28/1983,TRUSG10M,808.8826587,808.8826587,808.8826587,808.8826587
03/31/1983,TRUSG10M,799.2263121,799.2263121,799.2263121,799.2263121
04/30/1983,TRUSG10M,823.0252234,823.0252234,823.0252234,823.0252234
05/31/1983,TRUSG10M,804.2436256,804.2436256,804.2436256,804.2436256
06/30/1983,TRUSG10M,804.4526128,804.4526128,804.4526128,804.4526128
07/31/1983,TRUSG10M,775.364184,775.364184,775.364184,775.364184
08/31/1983,TRUSG10M,773.2563589,773.2563589,773.2563589,773.2563589
09/30/1983,TRUSG10M,805.3540233,805.3540233,805.3540233,805.3540233
10/31/1983,TRUSG10M,799.2265599,799.2265599,799.2265599,799.2265599
11/30/1983,TRUSG10M,812.1177484,812.1177484,812.1177484,812.1177484
12/31/1983,TRUSG10M,811.1712765,811.1712765,811.1712765,811.1712765
01/31/1984,TRUSG10M,826.1794612,826.1794612,826.1794612,826.1794612
02/29/1984,TRUSG10M,816.8884927,816.8884927,816.8884927,816.8884927
03/31/1984,TRUSG10M,802.6986694,802.6986694,802.6986694,802.6986694
04/30/1984,TRUSG10M,798.1059764,798.1059764,798.1059764,798.1059764
05/31/1984,TRUSG10M,759.9672462,759.9672462,759.9672462,759.9672462
06/30/1984,TRUSG10M,771.687234,771.687234,771.687234,771.687234
07/31/1984,TRUSG10M,821.292334,821.292334,821.292334,821.292334
08/31/1984,TRUSG10M,835.6619198,835.6619198,835.6619198,835.6619198
09/30/1984,TRUSG10M,859.747984,859.747984,859.747984,859.747984
10/31/1984,TRUSG10M,902.6126414,902.6126414,902.6126414,902.6126414
11/30/1984,TRUSG10M,922.4481587,922.4481587,922.4481587,922.4481587
12/31/1984,TRUSG10M,932.9471078,932.9471078,932.9471078,932.9471078
01/31/1985,TRUSG10M,962.6981649,962.6981649,962.6981649,962.6981649
02/28/1985,TRUSG10M,930.7147112,930.7147112,930.7147112,930.7147112
03/31/1985,TRUSG10M,954.1960889,954.1960889,954.1960889,954.1960889
04/30/1985,TRUSG10M,977.0100314,977.0100314,977.0100314,977.0100314
05/31/1985,TRUSG10M,1054.4665789,1054.4665789,1054.4665789,1054.4665789
06/30/1985,TRUSG10M,1065.4141814,1065.4141814,1065.4141814,1065.4141814
07/31/1985,TRUSG10M,1054.1665374,1054.1665374,1054.1665374,1054.1665374
08/31/1985,TRUSG10M,1082.0315803,1082.0315803,1082.0315803,1082.0315803
09/30/1985,TRUSG10M,1089.3414964,1089.3414964,1089.3414964,1089.3414964
10/31/1985,TRUSG10M,1118.6878149,1118.6878149,1118.6878149,1118.6878149
11/30/1985,TRUSG10M,1157.0961118,1157.0961118,1157.0961118,1157.0961118
12/31/1985,TRUSG10M,1209.2989031,1209.2989031,1209.2989031,1209.2989031
01/31/1986,TRUSG10M,1212.3737508,1212.3737508,1212.3737508,1212.3737508
02/28/1986,TRUSG10M,1299.0685448,1299.0685448,1299.0685448,1299.0685448
03/31/1986,TRUSG10M,1373.2851473,1373.2851473,1373.2851473,1373.2851473
04/30/1986,TRUSG10M,1382.6611906,1382.6611906,1382.6611906,1382.6611906
05/31/1986,TRUSG10M,1330.9720543,1330.9720543,1330.9720543,1330.9720543
06/30/1986,TRUSG10M,1403.294096,1403.294096,1403.294096,1403.294096
07/31/1986,TRUSG10M,1412.8290093,1412.8290093,1412.8290093,1412.8290093
08/31/1986,TRUSG10M,1458.9993516,1458.9993516,1458.9993516,1458.9993516
09/30/1986,TRUSG10M,1419.2885997,1419.2885997,1419.2885997,1419.2885997
10/31/1986,TRUSG10M,1438.5795744,1438.5795744,1438.5795744,1438.5795744
11/30/1986,TRUSG10M,1465.8318226,1465.8318226,1465.8318226,1465.8318226
12/31/1986,TRUSG10M,1466.7120614,1466.7120614,1466.7120614,1466.7120614
01/31/1987,TRUSG10M,1480.48062,1480.48062,1480.48062,1480.48062
02/28/1987,TRUSG10M,1488.3448616,1488.3448616,1488.3448616,1488.3448616
03/31/1987,TRUSG10M,1465.7234859,1465.7234859,1465.7234859,1465.7234859
04/30/1987,TRUSG10M,1408.4898588,1408.4898588,1408.4898588,1408.4898588
05/31/1987,TRUSG10M,1392.5008122,1392.5008122,1392.5008122,1392.5008122
06/30/1987,TRUSG10M,1412.4164906,1412.4164906,1412.4164906,1412.4164906
07/31/1987,TRUSG10M,1396.672734,1396.672734,1396.672734,1396.672734
08/31/1987,TRUSG10M,1376.2605403,1376.2605403,1376.2605403,1376.2605403
09/30/1987,TRUSG10M,1331.9805353,1331.9805353,1331.9805353,1331.9805353
10/31/1987,TRUSG10M,1408.5357298,1408.5357298,1408.5357298,1408.5357298
11/30/1987,TRUSG10M,1408.9574075,1408.9574075,1408.9574075,1408.9574075
12/31/1987,TRUSG10M,1434.2011244,1434.2011244,1434.2011244,1434.2011244
01/31/1988,TRUSG10M,1499.1599146,1499.1599146,1499.1599146,1499.1599146
02/29/1988,TRUSG10M,1519.3716822,1519.3716822,1519.3716822,1519.3716822
03/31/1988,TRUSG10M,1489.4113323,1489.4113323,1489.4113323,1489.4113323
04/30/1988,TRUSG10M,1471.2545453,1471.2545453,1471.2545453,1471.2545453
05/31/1988,TRUSG10M,1451.076994,1451.076994,1451.076994,1451.076994
06/30/1988,TRUSG10M,1498.31163,1498.31163,1498.31163,1498.31163
07/31/1988,TRUSG10M,1480.5084918,1480.5084918,1480.5084918,1480.5084918
08/31/1988,TRUSG10M,1479.4095056,1479.4095056,1479.4095056,1479.4095056
09/30/1988,TRUSG10M,1527.5887932,1527.5887932,1527.5887932,1527.5887932
10/31/1988,TRUSG10M,1560.8896765,1560.8896765,1560.8896765,1560.8896765
11/30/1988,TRUSG10M,1531.163298,1531.163298,1531.163298,1531.163298
12/31/1988,TRUSG10M,1534.8361742,1534.8361742,1534.8361742,1534.8361742
01/31/1989,TRUSG10M,1559.4690157,1559.4690157,1559.4690157,1559.4690157
02/28/1989,TRUSG10M,1540.3222429,1540.3222429,1540.3222429,1540.3222429
03/31/1989,TRUSG10M,1554.2666792,1554.2666792,1554.2666792,1554.2666792
04/30/1989,TRUSG10M,1594.6281025,1594.6281025,1594.6281025,1594.6281025
05/31/1989,TRUSG10M,1650.7182349,1650.7182349,1650.7182349,1650.7182349
06/30/1989,TRUSG10M,1717.5767834,1717.5767834,1717.5767834,1717.5767834
07/31/1989,TRUSG10M,1761.2615476,1761.2615476,1761.2615476,1761.2615476
08/31/1989,TRUSG10M,1722.3316371,1722.3316371,1722.3316371,1722.3316371
09/30/1989,TRUSG10M,1728.541304,1728.541304,1728.541304,1728.541304
10/31/1989,TRUSG10M,1785.5147794,1785.5147794,1785.5147794,1785.5147794
11/30/1989,TRUSG10M,1806.7830521,1806.7830521,1806.7830521,1806.7830521
12/31/1989,TRUSG10M,1807.8529728,1807.8529728,1807.8529728,1807.8529728
01/31/1990,TRUSG10M,1761.2860808,1761.2860808,1761.2860808,1761.2860808
02/28/1990,TRUSG10M,1764.2531199,1764.2531199,1764.2531199,1764.2531199
03/31/1990,TRUSG10M,1760.3460859,1760.3460859,1760.3460859,1760.3460859
04/30/1990,TRUSG10M,1728.0198556,1728.0198556,1728.0198556,1728.0198556
05/31/1990,TRUSG10M,1792.3192343,1792.3192343,1792.3192343,1792.3192343
06/30/1990,TRUSG10M,1825.6572035,1825.6572035,1825.6572035,1825.6572035
07/31/1990,TRUSG10M,1847.0697011,1847.0697011,1847.0697011,1847.0697011
08/31/1990,TRUSG10M,1799.3186979,1799.3186979,1799.3186979,1799.3186979
09/30/1990,TRUSG10M,1817.3914396,1817.3914396,1817.3914396,1817.3914396
10/31/1990,TRUSG10M,1851.4357072,1851.4357072,1851.4357072,1851.4357072
11/30/1990,TRUSG10M,1913.7673849,1913.7673849,1913.7673849,1913.7673849
12/31/1990,TRUSG10M,1950.2800371,1950.2800371,1950.2800371,1950.2800371
01/31/1991,TRUSG10M,1970.0049986,1970.0049986,1970.0049986,1970.0049986
02/28/1991,TRUSG10M,1984.5185594,1984.5185594,1984.5185594,1984.5185594
03/31/1991,TRUSG10M,1993.7657729,1993.7657729,1993.7657729,1993.7657729
04/30/1991,TRUSG10M,2011.1835444,2011.1835444,2011.1835444,2011.1835444
05/31/1991,TRUSG10M,2019.2007433,2019.2007433,2019.2007433,2019.2007433
06/30/1991,TRUSG10M,2008.4262713,2008.4262713,2008.4262713,2008.4262713
07/31/1991,TRUSG10M,2027.6293489,2027.6293489,2027.6293489,2027.6293489
08/31/1991,TRUSG10M,2094.2157071,2094.2157071,2094.2157071,2094.2157071
09/30/1991,TRUSG10M,2158.3449404,2158.3449404,2158.3449404,2158.3449404
10/31/1991,TRUSG10M,2171.7806376,2171.7806376,2171.7806376,2171.7806376
11/30/1991,TRUSG10M,2198.7006655,2198.7006655,2198.7006655,2198.7006655
12/31/1991,TRUSG10M,2316.0527353,2316.0527353,2316.0527353,2316.0527353
01/31/1992,TRUSG10M,2235.2131125,2235.2131125,2235.2131125,2235.2131125
02/29/1992,TRUSG10M,2255.1197771,2255.1197771,2255.1197771,2255.1197771
03/31/1992,TRUSG10M,2226.5006369,2226.5006369,2226.5006369,2226.5006369
04/30/1992,TRUSG10M,2229.6264967,2229.6264967,2229.6264967,2229.6264967
05/31/1992,TRUSG10M,2287.9112973,2287.9112973,2287.9112973,2287.9112973
06/30/1992,TRUSG10M,2332.665919,2332.665919,2332.665919,2332.665919
07/31/1992,TRUSG10M,2416.8928076,2416.8928076,2416.8928076,2416.8928076
08/31/1992,TRUSG10M,2447.6685429,2447.6685429,2447.6685429,2447.6685429
09/30/1992,TRUSG10M,2505.2028618,2505.2028618,2505.2028618,2505.2028618
10/31/1992,TRUSG10M,2442.9779877,2442.9779877,2442.9779877,2442.9779877
11/30/1992,TRUSG10M,2431.0118552,2431.0118552,2431.0118552,2431.0118552
12/31/1992,TRUSG10M,2488.5525196,2488.5525196,2488.5525196,2488.5525196
01/31/1993,TRUSG10M,2558.0256169,2558.0256169,2558.0256169,2558.0256169
02/28/1993,TRUSG10M,2640.3879518,2640.3879518,2640.3879518,2640.3879518
03/31/1993,TRUSG10M,2653.6559013,2653.6559013,2653.6559013,2653.6559013
04/30/1993,TRUSG10M,2663.0726895,2663.0726895,2663.0726895,2663.0726895
05/31/1993,TRUSG10M,2654.9709837,2654.9709837,2654.9709837,2654.9709837
06/30/1993,TRUSG10M,2740.2372981,2740.2372981,2740.2372981,2740.2372981
07/31/1993,TRUSG10M,2747.3917792,2747.3917792,2747.3917792,2747.3917792
08/31/1993,TRUSG10M,2839.5174233,2839.5174233,2839.5174233,2839.5174233
09/30/1993,TRUSG10M,2863.0340614,2863.0340614,2863.0340614,2863.0340614
10/31/1993,TRUSG10M,2869.5108343,2869.5108343,2869.5108343,2869.5108343
11/30/1993,TRUSG10M,2798.3631867,2798.3631867,2798.3631867,2798.3631867
12/31/1993,TRUSG10M,2811.9585678,2811.9585678,2811.9585678,2811.9585678
01/31/1994,TRUSG10M,2852.8867168,2852.8867168,2852.8867168,2852.8867168
02/28/1994,TRUSG10M,2772.9830748,2772.9830748,2772.9830748,2772.9830748
03/31/1994,TRUSG10M,2663.9595206,2663.9595206,2663.9595206,2663.9595206
04/30/1994,TRUSG10M,2623.3849754,2623.3849754,2623.3849754,2623.3849754
05/31/1994,TRUSG10M,2617.987132,2617.987132,2617.987132,2617.987132
06/30/1994,TRUSG10M,2601.6511965,2601.6511965,2601.6511965,2601.6511965
07/31/1994,TRUSG10M,2659.2964896,2659.2964896,2659.2964896,2659.2964896
08/31/1994,TRUSG10M,2661.6268096,2661.6268096,2661.6268096,2661.6268096
09/30/1994,TRUSG10M,2596.327789,2596.327789,2596.327789,2596.327789
10/31/1994,TRUSG10M,2577.688371,2577.688371,2577.688371,2577.688371
11/30/1994,TRUSG10M,2576.0993525,2576.0993525,2576.0993525,2576.0993525
12/31/1994,TRUSG10M,2606.0031833,2606.0031833,2606.0031833,2606.0031833
01/31/1995,TRUSG10M,2668.2556457,2668.2556457,2668.2556457,2668.2556457
02/28/1995,TRUSG10M,2759.2696922,2759.2696922,2759.2696922,2759.2696922
03/31/1995,TRUSG10M,2779.8671955,2779.8671955,2779.8671955,2779.8671955
04/30/1995,TRUSG10M,2822.8543516,2822.8543516,2822.8543516,2822.8543516
05/31/1995,TRUSG10M,3002.8196337,3002.8196337,3002.8196337,3002.8196337
06/30/1995,TRUSG10M,3038.5406851,3038.5406851,3038.5406851,3038.5406851
07/31/1995,TRUSG10M,3001.1381968,3001.1381968,3001.1381968,3001.1381968
08/31/1995,TRUSG10M,3054.9817408,3054.9817408,3054.9817408,3054.9817408
09/30/1995,TRUSG10M,3095.8156843,3095.8156843,3095.8156843,3095.8156843
10/31/1995,TRUSG10M,3143.8848335,3143.8848335,3143.8848335,3143.8848335
11/30/1995,TRUSG10M,3223.1863629,3223.1863629,3223.1863629,3223.1863629
12/31/1995,TRUSG10M,3282.0856125,3282.0856125,3282.0856125,3282.0856125
01/31/1996,TRUSG10M,3292.4637435,3292.4637435,3292.4637435,3292.4637435
02/29/1996,TRUSG10M,3181.0462209,3181.0462209,3181.0462209,3181.0462209
03/31/1996,TRUSG10M,3148.4952003,3148.4952003,3148.4952003,3148.4952003
04/30/1996,TRUSG10M,3092.1631019,3092.1631019,3092.1631019,3092.1631019
05/31/1996,TRUSG10M,3066.7637574,3066.7637574,3066.7637574,3066.7637574
06/30/1996,TRUSG10M,3111.2174954,3111.2174954,3111.2174954,3111.2174954
07/31/1996,TRUSG10M,3112.8226182,3112.8226182,3112.8226182,3112.8226182
08/31/1996,TRUSG10M,3094.4221343,3094.4221343,3094.4221343,3094.4221343
09/30/1996,TRUSG10M,3166.9422066,3166.9422066,3166.9422066,3166.9422066
10/31/1996,TRUSG10M,3266.8929084,3266.8929084,3266.8929084,3266.8929084
11/30/1996,TRUSG10M,3359.6844167,3359.6844167,3359.6844167,3359.6844167
12/31/1996,TRUSG10M,3286.3901596,3286.3901596,3286.3901596,3286.3901596
01/31/1997,TRUSG10M,3279.9972388,3279.9972388,3279.9972388,3279.9972388
02/28/1997,TRUSG10M,3290.6488635,3290.6488635,3290.6488635,3290.6488635
03/31/1997,TRUSG10M,3223.3291058,3223.3291058,3223.3291058,3223.3291058
04/30/1997,TRUSG10M,3289.2359605,3289.2359605,3289.2359605,3289.2359605
05/31/1997,TRUSG10M,3319.687871,3319.687871,3319.687871,3319.687871
06/30/1997,TRUSG10M,3377.2300344,3377.2300344,3377.2300344,3377.2300344
07/31/1997,TRUSG10M,3519.5565396,3519.5565396,3519.5565396,3519.5565396
08/31/1997,TRUSG10M,3455.1917729,3455.1917729,3455.1917729,3455.1917729
09/30/1997,TRUSG10M,3529.8738627,3529.8738627,3529.8738627,3529.8738627
10/31/1997,TRUSG10M,3621.7342254,3621.7342254,3621.7342254,3621.7342254
11/30/1997,TRUSG10M,3633.9952063,3633.9952063,3633.9952063,3633.9952063
12/31/1997,TRUSG10M,3681.5147578,3681.5147578,3681.5147578,3681.5147578
01/31/1998,TRUSG10M,3759.9043253,3759.9043253,3759.9043253,3759.9043253
02/28/1998,TRUSG10M,3752.1152436,3752.1152436,3752.1152436,3752.1152436
03/31/1998,TRUSG10M,3755.7591456,3755.7591456,3755.7591456,3755.7591456
04/30/1998,TRUSG10M,3770.7139698,3770.7139698,3770.7139698,3770.7139698
05/31/1998,TRUSG10M,3822.3853184,3822.3853184,3822.3853184,3822.3853184
06/30/1998,TRUSG10M,3874.4537122,3874.4537122,3874.4537122,3874.4537122
07/31/1998,TRUSG10M,3874.7132681,3874.7132681,3874.7132681,3874.7132681
08/31/1998,TRUSG10M,4025.2313016,4025.2313016,4025.2313016,4025.2313016
09/30/1998,TRUSG10M,4231.9981872,4231.9981872,4231.9981872,4231.9981872
10/31/1998,TRUSG10M,4183.9944053,4183.9944053,4183.9944053,4183.9944053
11/30/1998,TRUSG10M,4168.6612582,4168.6612582,4168.6612582,4168.6612582
12/31/1998,TRUSG10M,4213.5863809,4213.5863809,4213.5863809,4213.5863809
01/31/1999,TRUSG10M,4226.7278631,4226.7278631,4226.7278631,4226.7278631
02/28/1999,TRUSG10M,4047.4997248,4047.4997248,4047.4997248,4047.4997248
03/31/1999,TRUSG10M,4077.4810053,4077.4810053,4077.4810053,4077.4810053
04/30/1999,TRUSG10M,4061.9010546,4061.9010546,4061.9010546,4061.9010546
05/31/1999,TRUSG10M,3996.1201725,3996.1201725,3996.1201725,3996.1201725
06/30/1999,TRUSG10M,3964.7599723,3964.7599723,3964.7599723,3964.7599723
07/31/1999,TRUSG10M,3951.7715218,3951.7715218,3951.7715218,3951.7715218
08/31/1999,TRUSG10M,3953.7624682,3953.7624682,3953.7624682,3953.7624682
09/30/1999,TRUSG10M,3996.9425547,3996.9425547,3996.9425547,3996.9425547
10/31/1999,TRUSG10M,3981.2701385,3981.2701385,3981.2701385,3981.2701385
11/30/1999,TRUSG10M,3954.5120543,3954.5120543,3954.5120543,3954.5120543
12/31/1999,TRUSG10M,3897.1585899,3897.1585899,3897.1585899,3897.1585899
01/31/2000,TRUSG10M,3853.0497351,3853.0497351,3853.0497351,3853.0497351
02/29/2000,TRUSG10M,3948.5512396,3948.5512396,3948.5512396,3948.5512396
03/31/2000,TRUSG10M,4084.7239019,4084.7239019,4084.7239019,4084.7239019
04/30/2000,TRUSG10M,4045.438172,4045.438172,4045.438172,4045.438172
05/31/2000,TRUSG10M,4048.6180298,4048.6180298,4048.6180298,4048.6180298
06/30/2000,TRUSG10M,4148.1927936,4148.1927936,4148.1927936,4148.1927936
07/31/2000,TRUSG10M,4165.9738806,4165.9738806,4165.9738806,4165.9738806
08/31/2000,TRUSG10M,4283.7194667,4283.7194667,4283.7194667,4283.7194667
09/30/2000,TRUSG10M,4281.9741649,4281.9741649,4281.9741649,4281.9741649
10/31/2000,TRUSG10M,4312.2130804,4312.2130804,4312.2130804,4312.2130804
11/30/2000,TRUSG10M,4427.0158835,4427.0158835,4427.0158835,4427.0158835
12/31/2000,TRUSG10M,4568.1134193,4568.1134193,4568.1134193,4568.1134193
01/31/2001,TRUSG10M,4479.040805,4479.040805,4479.040805,4479.040805
02/28/2001,TRUSG10M,4592.9695135,4592.9695135,4592.9695135,4592.9695135
03/31/2001,TRUSG10M,4608.2411814,4608.2411814,4608.2411814,4608.2411814
04/30/2001,TRUSG10M,4480.0457436,4480.0457436,4480.0457436,4480.0457436
05/31/2001,TRUSG10M,4472.5228642,4472.5228642,4472.5228642,4472.5228642
06/30/2001,TRUSG10M,4496.2023491,4496.2023491,4496.2023491,4496.2023491
07/31/2001,TRUSG10M,4639.5606037,4639.5606037,4639.5606037,4639.5606037
08/31/2001,TRUSG10M,4738.9357358,4738.9357358,4738.9357358,4738.9357358
09/30/2001,TRUSG10M,4851.1382969,4851.1382969,4851.1382969,4851.1382969
10/31/2001,TRUSG10M,4984.7621705,4984.7621705,4984.7621705,4984.7621705
11/30/2001,TRUSG10M,4819.4691839,4819.4691839,4819.4691839,4819.4691839
12/31/2001,TRUSG10M,4731.5253719,4731.5253719,4731.5253719,4731.5253719
01/31/2002,TRUSG10M,4751.5160665,4751.5160665,4751.5160665,4751.5160665
02/28/2002,TRUSG10M,4842.048972,4842.048972,4842.048972,4842.048972
03/31/2002,TRUSG10M,4663.9289247,4663.9289247,4663.9289247,4663.9289247
04/30/2002,TRUSG10M,4797.8348977,4797.8348977,4797.8348977,4797.8348977
05/31/2002,TRUSG10M,4829.4078143,4829.4078143,4829.4078143,4829.4078143
06/30/2002,TRUSG10M,4932.8762768,4932.8762768,4932.8762768,4932.8762768
07/31/2002,TRUSG10M,5089.0754673,5089.0754673,5089.0754673,5089.0754673
08/31/2002,TRUSG10M,5257.7347333,5257.7347333,5257.7347333,5257.7347333
09/30/2002,TRUSG10M,5491.4907723,5491.4907723,5491.4907723,5491.4907723
10/31/2002,TRUSG10M,5379.6226414,5379.6226414,5379.6226414,5379.6226414
11/30/2002,TRUSG10M,5276.068332,5276.068332,5276.068332,5276.068332
12/31/2002,TRUSG10M,5458.9312771,5458.9312771,5458.9312771,5458.9312771
01/31/2003,TRUSG10M,5403.7560083,5403.7560083,5403.7560083,5403.7560083
02/28/2003,TRUSG10M,5550.7961183,5550.7961183,5550.7961183,5550.7961183
03/31/2003,TRUSG10M,5513.9644956,5513.9644956,5513.9644956,5513.9644956
04/30/2003,TRUSG10M,5504.7136468,5504.7136468,5504.7136468,5504.7136468
05/31/2003,TRUSG10M,5761.2476044,5761.2476044,5761.2476044,5761.2476044
06/30/2003,TRUSG10M,5697.8548954,5697.8548954,5697.8548954,5697.8548954
07/31/2003,TRUSG10M,5291.876951,5291.876951,5291.876951,5291.876951
08/31/2003,TRUSG10M,5328.7783446,5328.7783446,5328.7783446,5328.7783446
09/30/2003,TRUSG10M,5564.216616,5564.216616,5564.216616,5564.216616
10/31/2003,TRUSG10M,5418.248902,5418.248902,5418.248902,5418.248902
11/30/2003,TRUSG10M,5433.4228916,5433.4228916,5433.4228916,5433.4228916
12/31/2003,TRUSG10M,5483.9109397,5483.9109397,5483.9109397,5483.9109397
01/31/2004,TRUSG10M,5552.4758177,5552.4758177,5552.4758177,5552.4758177
02/29/2004,TRUSG10M,5648.8203779,5648.8203779,5648.8203779,5648.8203779
03/31/2004,TRUSG10M,5727.610467,5727.610467,5727.610467,5727.610467
04/30/2004,TRUSG10M,5443.634752,5443.634752,5443.634752,5443.634752
05/31/2004,TRUSG10M,5407.5063445,5407.5063445,5407.5063445,5407.5063445
06/30/2004,TRUSG10M,5445.9375745,5445.9375745,5445.9375745,5445.9375745
07/31/2004,TRUSG10M,5519.8043305,5519.8043305,5519.8043305,5519.8043305
08/31/2004,TRUSG10M,5708.1069258,5708.1069258,5708.1069258,5708.1069258
09/30/2004,TRUSG10M,5723.1282457,5723.1282457,5723.1282457,5723.1282457
10/31/2004,TRUSG10M,5784.7936999,5784.7936999,5784.7936999,5784.7936999
11/30/2004,TRUSG10M,5660.9486479,5660.9486479,5660.9486479,5660.9486479
12/31/2004,TRUSG10M,5736.7104136,5736.7104136,5736.7104136,5736.7104136
01/31/2005,TRUSG10M,5803.6253717,5803.6253717,5803.6253717,5803.6253717
02/28/2005,TRUSG10M,5721.2619444,5721.2619444,5721.2619444,5721.2619444
03/31/2005,TRUSG10M,5677.7737004,5677.7737004,5677.7737004,5677.7737004
04/30/2005,TRUSG10M,5833.6711473,5833.6711473,5833.6711473,5833.6711473
05/31/2005,TRUSG10M,5954.3180872,5954.3180872,5954.3180872,5954.3180872
06/30/2005,TRUSG10M,6003.2575061,6003.2575061,6003.2575061,6003.2575061
07/31/2005,TRUSG10M,5859.7695738,5859.7695738,5859.7695738,5859.7695738
08/31/2005,TRUSG10M,6005.4324053,6005.4324053,6005.4324053,6005.4324053
09/30/2005,TRUSG10M,5871.9212011,5871.9212011,5871.9212011,5871.9212011
10/31/2005,TRUSG10M,5785.2144992,5785.2144992,5785.2144992,5785.2144992
11/30/2005,TRUSG10M,5844.6655319,5844.6655319,5844.6655319,5844.6655319
12/31/2005,TRUSG10M,5913.8882125,5913.8882125,5913.8882125,5913.8882125
01/31/2006,TRUSG10M,5869.1118817,5869.1118817,5869.1118817,5869.1118817
02/28/2006,TRUSG10M,5881.8171427,5881.8171427,5881.8171427,5881.8171427
03/31/2006,TRUSG10M,5759.3682144,5759.3682144,5759.3682144,5759.3682144
04/30/2006,TRUSG10M,5686.6482255,5686.6482255,5686.6482255,5686.6482255
05/31/2006,TRUSG10M,5687.992102,5687.992102,5687.992102,5687.992102
06/30/2006,TRUSG10M,5698.6453063,5698.6453063,5698.6453063,5698.6453063
07/31/2006,TRUSG10M,5796.4823478,5796.4823478,5796.4823478,5796.4823478
08/31/2006,TRUSG10M,5937.9876604,5937.9876604,5937.9876604,5937.9876604
09/30/2006,TRUSG10M,6009.3800947,6009.3800947,6009.3800947,6009.3800947
10/31/2006,TRUSG10M,6047.1428572,6047.1428572,6047.1428572,6047.1428572
11/30/2006,TRUSG10M,6143.9146775,6143.9146775,6143.9146775,6143.9146775
12/31/2006,TRUSG10M,6044.309533,6044.309533,6044.309533,6044.309533
01/31/2007,TRUSG10M,6010.0638651,6010.0638651,6010.0638651,6010.0638651
02/28/2007,TRUSG10M,6166.1530793,6166.1530793,6166.1530793,6166.1530793
03/31/2007,TRUSG10M,6145.072076,6145.072076,6145.072076,6145.072076
04/30/2007,TRUSG10M,6178.7810882,6178.7810882,6178.7810882,6178.7810882
05/31/2007,TRUSG10M,6070.0818869,6070.0818869,6070.0818869,6070.0818869
06/30/2007,TRUSG10M,6032.0018332,6032.0018332,6032.0018332,6032.0018332
07/31/2007,TRUSG10M,6179.386365,6179.386365,6179.386365,6179.386365
08/31/2007,TRUSG10M,6324.4618156,6324.4618156,6324.4618156,6324.4618156
09/30/2007,TRUSG10M,6322.96974,6322.96974,6322.96974,6322.96974
10/31/2007,TRUSG10M,6403.453293,6403.453293,6403.453293,6403.453293
11/30/2007,TRUSG10M,6697.255181,6697.255181,6697.255181,6697.255181
12/31/2007,TRUSG10M,6681.4578227,6681.4578227,6681.4578227,6681.4578227
01/31/2008,TRUSG10M,6908.1687243,6908.1687243,6908.1687243,6908.1687243
02/29/2008,TRUSG10M,7008.7210348,7008.7210348,7008.7210348,7008.7210348
03/31/2008,TRUSG10M,7075.341251,7075.341251,7075.341251,7075.341251
04/30/2008,TRUSG10M,6913.2520165,6913.2520165,6913.2520165,6913.2520165
05/31/2008,TRUSG10M,6773.9103354,6773.9103354,6773.9103354,6773.9103354
06/30/2008,TRUSG10M,6835.4266761,6835.4266761,6835.4266761,6835.4266761
07/31/2008,TRUSG10M,6858.1544698,6858.1544698,6858.1544698,6858.1544698
08/31/2008,TRUSG10M,6970.7543939,6970.7543939,6970.7543939,6970.7543939
09/30/2008,TRUSG10M,6981.6665891,6981.6665891,6981.6665891,6981.6665891
10/31/2008,TRUSG10M,6913.8670479,6913.8670479,6913.8670479,6913.8670479
11/30/2008,TRUSG10M,7575.7456118,7575.7456118,7575.7456118,7575.7456118
12/31/2008,TRUSG10M,8033.0384383,8033.0384383,8033.0384383,8033.0384383
01/31/2009,TRUSG10M,7646.1186232,7646.1186232,7646.1186232,7646.1186232
02/28/2009,TRUSG10M,7567.2230477,7567.2230477,7567.2230477,7567.2230477
03/31/2009,TRUSG10M,7789.2066638,7789.2066638,7789.2066638,7789.2066638
04/30/2009,TRUSG10M,7513.5462894,7513.5462894,7513.5462894,7513.5462894
05/31/2009,TRUSG10M,7338.1791283,7338.1791283,7338.1791283,7338.1791283
06/30/2009,TRUSG10M,7322.1971011,7322.1971011,7322.1971011,7322.1971011
07/31/2009,TRUSG10M,7349.9399204,7349.9399204,7349.9399204,7349.9399204
08/31/2009,TRUSG10M,7446.633567,7446.633567,7446.633567,7446.633567
09/30/2009,TRUSG10M,7524.8241877,7524.8241877,7524.8241877,7524.8241877
10/31/2009,TRUSG10M,7482.00081,7482.00081,7482.00081,7482.00081
11/30/2009,TRUSG10M,7631.4078433,7631.4078433,7631.4078433,7631.4078433
12/31/2009,TRUSG10M,7249.3270328,7249.3270328,7249.3270328,7249.3270328
01/31/2010,TRUSG10M,7408.5552118,7408.5552118,7408.5552118,7408.5552118
02/28/2010,TRUSG10M,7443.5098677,7443.5098677,7443.5098677,7443.5098677
03/31/2010,TRUSG10M,7322.6838694,7322.6838694,7322.6838694,7322.6838694
04/30/2010,TRUSG10M,7439.4534261,7439.4534261,7439.4534261,7439.4534261
05/31/2010,TRUSG10M,7705.7258519,7705.7258519,7705.7258519,7705.7258519
06/30/2010,TRUSG10M,7953.1666176,7953.1666176,7953.1666176,7953.1666176
07/31/2010,TRUSG10M,7993.2220654,7993.2220654,7993.2220654,7993.2220654
08/31/2010,TRUSG10M,8340.7034719,8340.7034719,8340.7034719,8340.7034719
09/30/2010,TRUSG10M,8315.0774804,8315.0774804,8315.0774804,8315.0774804
10/31/2010,TRUSG10M,8261.693854,8261.693854,8261.693854,8261.693854
11/30/2010,TRUSG10M,8153.6186026,8153.6186026,8153.6186026,8153.6186026
12/31/2010,TRUSG10M,7786.5922293,7786.5922293,7786.5922293,7786.5922293
01/31/2011,TRUSG10M,7742.7891574,7742.7891574,7742.7891574,7742.7891574
02/28/2011,TRUSG10M,7804.7216012,7804.7216012,7804.7216012,7804.7216012
03/31/2011,TRUSG10M,7800.545408,7800.545408,7800.545408,7800.545408
04/30/2011,TRUSG10M,7916.2266088,7916.2266088,7916.2266088,7916.2266088
05/31/2011,TRUSG10M,8184.3732174,8184.3732174,8184.3732174,8184.3732174
06/30/2011,TRUSG10M,8025.4099782,8025.4099782,8025.4099782,8025.4099782
07/31/2011,TRUSG10M,8325.2118075,8325.2118075,8325.2118075,8325.2118075
08/31/2011,TRUSG10M,8837.188355,8837.188355,8837.188355,8837.188355
09/30/2011,TRUSG10M,9029.9968524,9029.9968524,9029.9968524,9029.9968524
10/31/2011,TRUSG10M,8974.6040163,8974.6040163,8974.6040163,8974.6040163
11/30/2011,TRUSG10M,8912.6298946,8912.6298946,8912.6298946,8912.6298946
12/31/2011,TRUSG10M,9099.0229038,9099.0229038,9099.0229038,9099.0229038
01/31/2012,TRUSG10M,9160.6351135,9160.6351135,9160.6351135,9160.6351135
02/29/2012,TRUSG10M,9052.2790341,9052.2790341,9052.2790341,9052.2790341
03/31/2012,TRUSG10M,8867.0399504,8867.0399504,8867.0399504,8867.0399504
04/30/2012,TRUSG10M,9084.0652029,9084.0652029,9084.0652029,9084.0652029
05/31/2012,TRUSG10M,9422.6248401,9422.6248401,9422.6248401,9422.6248401
06/30/2012,TRUSG10M,9367.6131372,9367.6131372,9367.6131372,9367.6131372
07/31/2012,TRUSG10M,9516.375,9516.375,9516.375,9516.375
08/31/2012,TRUSG10M,9477.1332295,9477.1332295,9477.1332295,9477.1332295
09/30/2012,TRUSG10M,9421.6323479,9421.6323479,9421.6323479,9421.6323479
10/31/2012,TRUSG10M,9375.5381299,9375.5381299,9375.5381299,9375.5381299
11/30/2012,TRUSG10M,9473.5801687,9473.5801687,9473.5801687,9473.5801687
12/31/2012,TRUSG10M,9351.2264324,9351.2264324,9351.2264324,9351.2264324
01/31/2013,TRUSG10M,9166.1022256,9166.1022256,9166.1022256,9166.1022256
02/28/2013,TRUSG10M,9288.9082411,9288.9082411,9288.9082411,9288.9082411
03/31/2013,TRUSG10M,9320.2081705,9320.2081705,9320.2081705,9320.2081705
04/30/2013,TRUSG10M,9478.0042624,9478.0042624,9478.0042624,9478.0042624
05/31/2013,TRUSG10M,9108.7644909,9108.7644909,9108.7644909,9108.7644909
06/30/2013,TRUSG10M,8837.1883535,8837.1883535,8837.1883535,8837.1883535
07/31/2013,TRUSG10M,8793.0123324,8793.0123324,8793.0123324,8793.0123324
08/31/2013,TRUSG10M,8672.4233489,8672.4233489,8672.4233489,8672.4233489
09/30/2013,TRUSG10M,8801.1583524,8801.1583524,8801.1583524,8801.1583524
10/31/2013,TRUSG10M,8875.5338597,8875.5338597,8875.5338597,8875.5338597
11/30/2013,TRUSG10M,8753.5496843,8753.5496843,8753.5496843,8753.5496843
12/31/2013,TRUSG10M,8551.18826,8551.18826,8551.18826,8551.18826
01/31/2014,TRUSG10M,8858.4892834,8858.4892834,8858.4892834,8858.4892834
02/28/2014,TRUSG10M,8886.0836606,8886.0836606,8886.0836606,8886.0836606
03/31/2014,TRUSG10M,8850.6338879,8850.6338879,8850.6338879,8850.6338879
04/30/2014,TRUSG10M,8918.1221064,8918.1221064,8918.1221064,8918.1221064
05/31/2014,TRUSG10M,9090.1334224,9090.1334224,9090.1334224,9090.1334224
06/30/2014,TRUSG10M,9068.51247,9068.51247,9068.51247,9068.51247
07/31/2014,TRUSG10M,9047.3406491,9047.3406491,9047.3406491,9047.3406491
08/31/2014,TRUSG10M,9254.207579,9254.207579,9254.207579,9254.207579
09/30/2014,TRUSG10M,9133.1207977,9133.1207977,9133.1207977,9133.1207977
10/31/2014,TRUSG10M,9291.802296,9291.802296,9291.802296,9291.802296
11/30/2014,TRUSG10M,9452.1635409,9452.1635409,9452.1635409,9452.1635409
12/31/2014,TRUSG10M,9477.7882811,9477.7882811,9477.7882811,9477.7882811
01/31/2015,TRUSG10M,9920.4292296,9920.4292296,9920.4292296,9920.4292296
02/28/2015,TRUSG10M,9627.840039,9627.840039,9627.840039,9627.840039
03/31/2015,TRUSG10M,9722.0455034,9722.0455034,9722.0455034,9722.0455034
04/30/2015,TRUSG10M,9642.4704123,9642.4704123,9642.4704123,9642.4704123
05/31/2015,TRUSG10M,9598.7427506,9598.7427506,9598.7427506,9598.7427506
06/30/2015,TRUSG10M,9420.4916399,9420.4916399,9420.4916399,9420.4916399
07/31/2015,TRUSG10M,9565.9897604,9565.9897604,9565.9897604,9565.9897604
08/31/2015,TRUSG10M,9574.9825068,9574.9825068,9574.9825068,9574.9825068
09/30/2015,TRUSG10M,9721.9278093,9721.9278093,9721.9278093,9721.9278093
10/31/2015,TRUSG10M,9652.0461566,9652.0461566,9652.0461566,9652.0461566
11/30/2015,TRUSG10M,9626.3801086,9626.3801086,9626.3801086,9626.3801086
12/31/2015,TRUSG10M,9592.6491286,9592.6491286,9592.6491286,9592.6491286
01/31/2016,TRUSG10M,9898.2191736,9898.2191736,9898.2191736,9898.2191736
02/29/2016,TRUSG10M,10093.3774763,10093.3774763,10093.3774763,10093.3774763
03/31/2016,TRUSG10M,10071.8418672,10071.8418672,10071.8418672,10071.8418672
04/30/2016,TRUSG10M,10041.7044024,10041.7044024,10041.7044024,10041.7044024
05/31/2016,TRUSG10M,10048.0158535,10048.0158535,10048.0158535,10048.0158535
06/30/2016,TRUSG10M,10384.4147618,10384.4147618,10384.4147618,10384.4147618
07/31/2016,TRUSG10M,10425.3845855,10425.3845855,10425.3845855,10425.3845855
08/31/2016,TRUSG10M,10326.134331,10326.134331,10326.134331,10326.134331
09/30/2016,TRUSG10M,10321.1808231,10321.1808231,10321.1808231,10321.1808231
10/31/2016,TRUSG10M,10114.9286417,10114.9286417,10114.9286417,10114.9286417
11/30/2016,TRUSG10M,9662.1618712,9662.1618712,9662.1618712,9662.1618712
12/31/2016,TRUSG10M,9612.5529931,9612.5529931,9612.5529931,9612.5529931
01/31/2017,TRUSG10M,9632.1786908,9632.1786908,9632.1786908,9632.1786908
02/28/2017,TRUSG10M,9727.9444148,9727.9444148,9727.9444148,9727.9444148
03/31/2017,TRUSG10M,9713.1034292,9713.1034292,9713.1034292,9713.1034292
04/30/2017,TRUSG10M,9826.4664957,9826.4664957,9826.4664957,9826.4664957
05/31/2017,TRUSG10M,9914.3136192,9914.3136192,9914.3136192,9914.3136192
06/30/2017,TRUSG10M,9846.1302711,9846.1302711,9846.1302711,9846.1302711
07/31/2017,TRUSG10M,9873.706379,9873.706379,9873.706379,9873.706379
08/31/2017,TRUSG10M,10049.6025182,10049.6025182,10049.6025182,10049.6025182
09/30/2017,TRUSG10M,9884.1713669,9884.1713669,9884.1713669,9884.1713669
10/31/2017,TRUSG10M,9860.2227013,9860.2227013,9860.2227013,9860.2227013
11/30/2017,TRUSG10M,9845.3517164,9845.3517164,9845.3517164,9845.3517164
12/31/2017,TRUSG10M,9882.4376995,9882.4376995,9882.4376995,9882.4376995
01/31/2018,TRUSG10M,9630.0083762,9630.0083762,9630.0083762,9630.0083762
02/28/2018,TRUSG10M,9526.8948334,9526.8948334,9526.8948334,9526.8948334
03/31/2018,TRUSG10M,9658.1143151,9658.1143151,9658.1143151,9658.1143151
04/30/2018,TRUSG10M,9505.2934664,9505.2934664,9505.2934664,9505.2934664
05/31/2018,TRUSG10M,9628.3890413,9628.3890413,9628.3890413,9628.3890413
06/30/2018,TRUSG10M,9634.353112,9634.353112,9634.353112,9634.353112
07/31/2018,TRUSG10M,9565.5196636,9565.5196636,9565.5196636,9565.5196636
08/31/2018,TRUSG10M,9672.6563002,9672.6563002,9672.6563002,9672.6563002
09/30/2018,TRUSG10M,9537.3046082,9537.3046082,9537.3046082,9537.3046082
10/31/2018,TRUSG10M,9479.1491096,9479.1491096,9479.1491096,9479.1491096
11/30/2018,TRUSG10M,9619.9178406,9619.9178406,9619.9178406,9619.9178406
12/31/2018,TRUSG10M,9915.694118,9915.694118,9915.694118,9915.694118
01/31/2019,TRUSG10M,9989.9340331,9989.9340331,9989.9340331,9989.9340331
02/28/2019,TRUSG10M,9925.1228245,9925.1228245,9925.1228245,9925.1228245
03/31/2019,TRUSG10M,10228.8428481,10228.8428481,10228.8428481,10228.8428481
04/30/2019,TRUSG10M,10160.3937067,10160.3937067,10160.3937067,10160.3937067
05/31/2019,TRUSG10M,10516.0620407,10516.0620407,10516.0620407,10516.0620407
06/30/2019,TRUSG10M,10664.8148256,10664.8148256,10664.8148256,10664.8148256
07/31/2019,TRUSG10M,10663.8763534,10663.8763534,10663.8763534,10663.8763534
08/31/2019,TRUSG10M,11181.4999154,11181.4999154,11181.4999154,11181.4999154
09/30/2019,TRUSG10M,11019.3624146,11019.3624146,11019.3624146,11019.3624146
10/31/2019,TRUSG10M,10986.3582404,10986.3582404,10986.3582404,10986.3582404
11/30/2019,TRUSG10M,10953.9363046,10953.9363046,10953.9363046,10953.9363046
12/31/2019,TRUSG10M,10836.1250491,10836.1250491,10836.1250491,10836.1250491
01/31/2020,TRUSG10M,11252.031439,11252.031439,11252.031439,11252.031439
02/29/2020,TRUSG10M,11666.4050776,11666.4050776,11666.4050776,11666.4050776
03/31/2020,TRUSG10M,12149.6724299,12149.6724299,12149.6724299,12149.6724299
04/30/2020,TRUSG10M,12224.3515697,12224.3515697,12224.3515697,12224.3515697
05/31/2020,TRUSG10M,12219.5712858,12219.5712858,12219.5712858,12219.5712858
06/30/2020,TRUSG10M,12214.895634,12214.895634,12214.895634,12214.895634
07/31/2020,TRUSG10M,12346.5559887,12346.5559887,12346.5559887,12346.5559887
08/31/2020,TRUSG10M,12159.6200078,12159.6200078,12159.6200078,12159.6200078
09/30/2020,TRUSG10M,12200.6822669,12200.6822669,12200.6822669,12200.6822669
10/31/2020,TRUSG10M,11995.4467461,11995.4467461,11995.4467461,11995.4467461
11/30/2020,TRUSG10M,12048.6210415,12048.6210415,12048.6210415,12048.6210415
12/31/2020,TRUSG10M,11957.3881501,11957.3881501,11957.3881501,11957.3881501
01/31/2021,TRUSG10M,11769.8751239,11769.8751239,11769.8751239,11769.8751239
02/28/2021,TRUSG10M,11428.8537185,11428.8537185,11428.8537185,11428.8537185
03/31/2021,TRUSG10M,11132.3040602,11132.3040602,11132.3040602,11132.3040602
04/30/2021,TRUSG10M,11240.6743179,11240.6743179,11240.6743179,11240.6743179
05/31/2021,TRUSG10M,11328.5441665,11328.5441665,11328.5441665,11328.5441665
06/30/2021,TRUSG10M,11479.4872562,11479.4872562,11479.4872562,11479.4872562
07/31/2021,TRUSG10M,11717.1743588,11717.1743588,11717.1743588,11717.1743588
08/31/2021,TRUSG10M,11664.7824553,11664.7824553,11664.7824553,11664.7824553
09/30/2021,TRUSG10M,11443.9869616,11443.9869616,11443.9869616,11443.9869616
10/31/2021,TRUSG10M,11427.0112604,11427.0112604,11427.0112604,11427.0112604
11/30/2021,TRUSG10M,11568.394328,11568.394328,11568.394328,11568.394328
12/31/2021,TRUSG10M,11486.9555477,11486.9555477,11486.9555477,11486.9555477
01/31/2022,TRUSG10M,11220.6132524,11220.6132524,11220.6132524,11220.6132524
02/28/2022,TRUSG10M,11196.3226344,11196.3226344,11196.3226344,11196.3226344
03/31/2022,TRUSG10M,10723.2425718,10723.2425718,10723.2425718,10723.2425718
04/30/2022,TRUSG10M,10202.2985152,10202.2985152,10202.2985152,10202.2985152
05/31/2022,TRUSG10M,10263.9688276,10263.9688276,10263.9688276,10263.9688276
06/30/2022,TRUSG10M,10168.0276779,10168.0276779,10168.0276779,10168.0276779
07/31/2022,TRUSG10M,10483.5175054,10483.5175054,10483.5175054,10483.5175054
08/31/2022,TRUSG10M,10060.2320495,10060.2320495,10060.2320495,10060.2320495
09/30/2022,TRUSG10M,9487.9460447,9487.9460447,9487.9460447,9487.9460447
10/31/2022,TRUSG10M,9290.8133988,9290.8133988,9290.8133988,9290.8133988
